"Player","Team","Experience","Minutes","Pace","PTS","AST","DREB","OREB","BLK","STL","TOV","FGA","FTA","FG3A","RimFGA","PF","date_of_projection"
"Luka Doncic","Dallas Mavericks","Vet",37.5,98.3,29.8,8,8,0.7,0.5,1.5,3.7,22.7,7.3,9.5,3,2.4,2024-11-12
"Giannis Antetokounmpo","Milwaukee Bucks","Vet",34.8,98,28.4,6.1,9.5,2.7,1,1,3.6,20.3,9.5,1.2,9.6,3.1,2024-11-12
"Nikola Jokic","Denver Nuggets","Vet",37.7,98.6,28.3,9.3,10.1,3.5,0.9,1.5,3.9,19.3,6.3,3.9,6,2.5,2024-11-12
"Jayson Tatum","Boston Celtics","Vet",36.7,97.5,27.9,5.5,7.4,0.8,0.6,1.2,2.8,19.7,7.1,10.3,4.3,2.2,2024-11-12
"Shai Gilgeous-Alexander","Oklahoma City Thunder","Vet",33.5,99.8,27.5,5.9,4.7,0.8,0.9,1.5,2.5,19.4,7.6,4.4,5.5,2.2,2024-11-12
"Anthony Edwards","Minnesota Timberwolves","Vet",36.4,97.1,27.3,4.9,5.1,0.7,0.5,1.3,2.9,19.7,5.2,10.1,4.4,2,2024-11-12
"Jalen Brunson","New York Knicks","Vet",35.5,95.8,26.4,7,2.8,0.5,0.1,0.9,2.4,20.6,6.7,5.7,3.9,1.9,2024-11-12
"Anthony Davis","Los Angeles Lakers","Vet",34.5,99.2,26,2.9,8.8,2.8,2.1,1.2,2.3,17.2,7.8,1.8,7.1,2.1,2024-11-12
"De'Aaron Fox","Sacramento Kings","Vet",36.3,98.6,24.8,5.4,4,0.8,0.3,1.8,2.6,19.5,5.1,7,2.9,2.5,2024-11-12
"LaMelo Ball","Charlotte Hornets","Vet",32.3,99.1,24.6,6.6,3.7,0.9,0.3,1.5,3.4,19.1,4.3,10.1,3.8,3.1,2024-11-12
"Cam Thomas","Brooklyn Nets","Vet",34.6,95.2,24.6,3.4,2.9,0.4,0.2,0.8,2.4,18.4,5.9,7.2,3.4,2.2,2024-11-12
"Damian Lillard","Milwaukee Bucks","Vet",35.1,97.9,24.1,6.6,3.5,0.5,0.2,1,2.7,17,6.9,8.5,3.4,1.9,2024-11-12
"Kyrie Irving","Dallas Mavericks","Vet",36.6,97.7,24,4.9,3.5,0.9,0.4,1.3,2,17.9,3.5,6.2,3,2.1,2024-11-12
"Donovan Mitchell","Cleveland Cavaliers","Vet",32.6,98.3,23.8,4.5,3.3,0.6,0.4,1.5,2.3,17.9,4.8,8,3.5,2.2,2024-11-12
"DeMar DeRozan","Sacramento Kings","Vet",37.2,97.2,23.7,4.4,3.5,0.5,0.4,1.2,1.8,17.8,6.6,2.7,2.7,1.8,2024-11-12
"Jaylen Brown","Boston Celtics","Vet",35.3,98.1,23.4,3.6,4.7,1.2,0.5,1.2,2.8,18.2,5.3,6.4,5.1,2.6,2024-11-12
"Devin Booker","Phoenix Suns","Vet",36.4,98.7,23.3,6.7,3,0.8,0.4,1,2.6,17.2,6,7.2,2.8,2.7,2024-11-12
"LeBron James","Los Angeles Lakers","Vet",35.2,99.3,23,9.1,6.7,0.8,0.6,1.2,3.3,16.4,4.8,5.1,6.5,1.3,2024-11-12
"Stephen Curry","Golden State Warriors","Vet",30.9,100.7,22.3,5.7,3.8,0.5,0.3,0.9,2.8,16.7,3.7,10.2,2.2,1.7,2024-11-12
"Cade Cunningham","Detroit Pistons","Vet",34.2,97.7,22.1,8.1,4.9,0.8,0.5,0.9,3.6,18.1,4.1,5.2,4.5,2.5,2024-11-12
"Karl-Anthony Towns","New York Knicks","Vet",32.7,95.9,21.7,2.6,7.4,2.3,0.7,0.7,2.4,15.7,5.1,5.2,5.1,3.1,2024-11-12
"Brandon Ingram","New Orleans Pelicans","Vet",33.6,95.6,21.6,5.4,4.6,0.7,0.6,0.8,2.8,17.6,4.1,5.6,2.4,2.3,2024-11-12
"Trae Young","Atlanta Hawks","Vet",34.3,101.9,21.5,10.6,2.5,0.6,0.2,1.1,4.1,16.5,6,8.5,2.3,1.8,2024-11-12
"Jaren Jackson Jr.","Memphis Grizzlies","Vet",29.9,101.8,21.4,2.1,4.3,1.2,1.4,1.2,2.1,15.8,5.4,5.5,3.7,3.2,2024-11-12
"Norman Powell","Los Angeles Clippers","Vet",34.5,95.9,21.4,2.1,2.9,0.4,0.3,0.9,1.8,15.2,3.7,7.7,2.8,2.1,2024-11-12
"Joel Embiid","Philadelphia 76ers","Vet",26.4,97.6,21.2,3.8,6.2,1.7,1.2,0.9,2.8,16,7.7,4.1,3.4,2.9,2024-11-12
"RJ Barrett","Toronto Raptors","Vet",32,100.3,20.7,4.6,4.6,0.8,0.3,0.7,3,16.5,5.3,5.2,6.2,2.4,2024-11-12
"Victor Wembanyama","San Antonio Spurs","Sophomore",31.8,98.5,20.3,3.6,8.7,2.1,3.4,1.3,3,16.2,4.4,7.3,4.6,2.2,2024-11-12
"Jalen Green","Houston Rockets","Vet",32.3,96.5,20.3,3.2,4.3,0.5,0.3,0.8,2.1,16.7,3.9,8.1,3.8,1.7,2024-11-12
"James Harden","Los Angeles Clippers","Vet",34.6,95.3,20.2,8.4,5.4,0.6,0.7,1.2,3.6,14.7,6,7.4,2.2,2,2024-11-12
"Jalen Williams","Oklahoma City Thunder","Vet",32.9,100.8,20.2,5,4.3,0.8,0.7,1.5,2.1,15.8,2.9,4.3,4.2,2.4,2024-11-12
"Pascal Siakam","Indiana Pacers","Vet",33.3,98.8,20.1,3.9,5.1,1.9,0.4,0.9,1.6,15.2,3.5,4.1,4.4,2.6,2024-11-12
"Jordan Poole","Washington Wizards","Vet",31.1,101.1,20.1,4.8,2.3,0.4,0.4,1.1,2.8,16.4,3.6,8.4,3.2,2.9,2024-11-12
"Jamal Murray","Denver Nuggets","Vet",35,96.3,20,5.2,3.5,0.7,0.4,1.1,2.2,17,3.2,6.1,3.3,1.8,2024-11-12
"Tyler Herro","Miami Heat","Vet",32.8,97.3,19.9,5.3,4.4,0.3,0.2,0.7,2.6,15.6,2.7,8.3,2.1,1.7,2024-11-12
"Julius Randle","Minnesota Timberwolves","Vet",32.1,96.4,19.4,4.2,5.3,2,0.3,0.6,2.7,14,4.7,4.7,4.7,2.4,2024-11-12
"Franz Wagner","Orlando Magic","Vet",30.6,97.2,19.2,4.2,3.9,1,0.4,1,2.3,15.2,4.6,4.6,5.7,2.2,2024-11-12
"Coby White","Chicago Bulls","Vet",33.6,99.9,18.9,4.8,3.4,0.4,0.1,0.8,2.1,14.8,3.1,7.7,3.2,2.3,2024-11-12
"Zach LaVine","Chicago Bulls","Vet",32.2,101.9,18.9,3.7,4,0.3,0.3,0.8,2.2,13.6,3.5,6.6,3.7,1.7,2024-11-12
"Domantas Sabonis","Sacramento Kings","Vet",35.9,97.7,18.7,7.1,9.8,3.3,0.5,0.9,2.8,12.5,4.7,1.8,5.6,3.2,2024-11-12
"Darius Garland","Cleveland Cavaliers","Vet",31.5,98.2,18.5,6.4,2.2,0.4,0.2,1.2,2.5,14.2,2.3,7.1,2.6,2.1,2024-11-12
"Lauri Markkanen","Utah Jazz","Vet",30.8,99.8,18.3,2.1,5.1,2,0.3,0.8,1.7,13.6,4.8,6.2,3,1.7,2024-11-12
"Tyrese Haliburton","Indiana Pacers","Vet",33.9,99.9,18.2,8.6,3.4,0.6,0.6,1.4,2.1,14,2.8,7.8,2.1,1.4,2024-11-12
"Myles Turner","Indiana Pacers","Vet",32.5,98.2,18.2,1.8,6.2,1.5,1.8,0.7,1.9,13.1,4,5.6,3.3,3.1,2024-11-12
"Bam Adebayo","Miami Heat","Vet",34,96.4,18.1,3.8,7.1,2.3,0.9,1.2,2.1,14.5,4.6,2.2,3.8,2.4,2024-11-12
"Alperen Sengun","Houston Rockets","Vet",29.3,95.7,18.1,4,6.4,2.8,0.8,1,2.3,14.3,5.1,1.3,5.5,3,2024-11-12
"Bennedict Mathurin","Indiana Pacers","Vet",31.3,99.2,17.8,2.2,4.1,1.2,0.3,0.7,1.9,12.2,4.8,4.5,4,2.2,2024-11-12
"Jalen Johnson","Atlanta Hawks","Vet",34,102.3,17.7,4.2,7.1,1.5,0.8,1.3,2.6,14,3.5,4.7,4.8,2.3,2024-11-12
"Nikola Vucevic","Chicago Bulls","Vet",30.7,100.2,17.7,3,7.6,2.4,0.8,0.7,1.6,13.6,1.8,4.2,3.3,2.3,2024-11-12
"Collin Sexton","Utah Jazz","Vet",28.2,99.8,17.5,4.6,2,0.7,0.2,0.8,2.3,12.9,4.6,3.7,2.9,2.3,2024-11-12
"Dennis Schroder","Brooklyn Nets","Vet",34.2,95.6,17.5,6.4,2.7,0.4,0.2,1,2.4,13.7,3.1,6.4,3,2.4,2024-11-12
"Evan Mobley","Cleveland Cavaliers","Vet",31,98,17.4,2.8,6.8,2.3,1.6,0.9,1.9,12.6,4,1.9,6.3,2.6,2024-11-12
"Paul George","Philadelphia 76ers","Vet",30.4,96.3,17.3,4.3,4.2,0.6,0.4,1.3,2.5,14.2,3.5,6.4,1.8,2.5,2024-11-12
"Paolo Banchero","Orlando Magic","Vet",24.6,97.4,17.3,3.6,4.3,0.9,0.4,0.6,2.3,13.3,5.2,4,3.9,1.6,2024-11-12
"Bradley Beal","Phoenix Suns","Vet",34.7,98.3,17.3,4.3,3.3,0.9,0.6,1,2,13.3,2.1,6,3,2.5,2024-11-12
"Brandon Miller","Charlotte Hornets","Sophomore",30.6,96.9,17.3,2.8,3.6,0.6,0.5,0.9,1.8,14.2,2.5,8.4,2.1,2.3,2024-11-12
"Jimmy Butler","Miami Heat","Vet",31.6,95.2,17.1,4.9,3,1.8,0.3,1.4,1.8,11.9,6.4,2.1,3.3,1.4,2024-11-12
"Jaden Ivey","Detroit Pistons","Vet",30.9,97.5,17.1,3.9,2.7,1,0.4,0.8,2.6,14,4,4.9,3.8,2.6,2024-11-12
"Michael Porter Jr.","Denver Nuggets","Vet",35.4,98.2,17,2.2,5.9,1.2,0.6,0.8,1.3,13,1.6,7.2,2.8,2,2024-11-12
"Austin Reaves","Los Angeles Lakers","Vet",33.5,99.2,16.8,5.1,3.3,0.7,0.3,0.9,2,13,3.5,6.8,2.5,2.1,2024-11-12
"Jerami Grant","Portland Trail Blazers","Vet",29.9,97.8,16.4,2.2,2.8,0.5,0.7,0.8,1.5,12.9,4.1,5.8,3.1,1.9,2024-11-12
"Derrick White","Boston Celtics","Vet",33.7,97.7,16.3,4.5,3.3,0.8,1.1,1,1.4,12.3,1.9,8.3,1.5,2.2,2024-11-12
"Anfernee Simons","Portland Trail Blazers","Vet",28.1,97.5,16.1,4.4,2.2,0.3,0.1,0.6,2.1,13.6,2.6,6.8,2.4,1.6,2024-11-12
"Immanuel Quickley","Toronto Raptors","Vet",26.8,98.5,15.9,4.9,3.1,0.3,0.2,0.8,1.9,13,3.6,5.8,2.1,1.8,2024-11-12
"Brandon Boston Jr.","New Orleans Pelicans","Vet",33.8,96.3,15.9,3,3.2,1.1,0.4,1.1,1.7,13.4,2.6,4.7,3.4,2.1,2024-11-12
"Cameron Johnson","Brooklyn Nets","Vet",32.6,95.6,15.4,2.7,3.9,0.8,0.3,1,1.1,11.9,2.3,7.4,2.3,2.1,2024-11-12
"Keegan Murray","Sacramento Kings","Vet",36,98.1,15.2,2,5.1,1.8,0.7,0.9,0.9,12.7,1.9,6.5,2.1,2.5,2024-11-12
"Devin Vassell","San Antonio Spurs","Vet",26.8,98.8,15.1,3.2,2.6,0.3,0.2,0.9,1.4,12.7,2.2,5.3,2.2,1.4,2024-11-12
"Fred VanVleet","Houston Rockets","Vet",33.3,95.6,14.9,6.3,3,0.5,0.5,1.4,1.5,12.2,2.8,6.8,1.2,2.3,2024-11-12
"Terry Rozier","Miami Heat","Vet",31.3,96.9,14.9,4.3,3.4,0.4,0.3,1,1.4,12.7,2,6.5,2.3,1.6,2024-11-12
"Gradey Dick","Toronto Raptors","Sophomore",28.8,98.6,14.8,1.8,2.1,0.5,0.2,0.8,1.3,12,2.2,5.8,2.6,1.9,2024-11-12
"Ivica Zubac","Los Angeles Clippers","Vet",32.8,95,14.7,2.3,7.7,3.5,1.1,0.6,1.9,11,3.4,0.4,4.8,2.9,2024-11-12
"Andrew Wiggins","Golden State Warriors","Vet",27.2,100,14.7,1.9,3,1.3,0.6,0.7,1.3,11.4,3.1,4.6,2.8,2.1,2024-11-12
"OG Anunoby","New York Knicks","Vet",33.8,95.8,14.6,2.2,3.6,0.8,0.6,1.4,1.5,11.3,1.8,5.3,3.5,2.1,2024-11-12
"Bilal Coulibaly","Washington Wizards","Sophomore",34.6,98.9,14.6,3,3.7,1.4,0.8,1.1,2,10.7,3.1,3.9,3.6,2.5,2024-11-12
"Kelly Oubre Jr.","Philadelphia 76ers","Vet",29.9,97.3,14.4,1.6,3.2,1.2,0.5,1.1,1.4,12.1,3,4.4,3.9,3,2024-11-12
"Jarrett Allen","Cleveland Cavaliers","Vet",30.4,99.2,14.1,2.1,7.8,3,1,0.8,1.2,9.5,3.7,0.4,5.9,1.8,2024-11-12
"Mikal Bridges","New York Knicks","Vet",34.7,96.3,14.1,3.3,3,0.8,0.4,1.1,1.4,12.5,1.8,6.8,1.6,1.6,2024-11-12
"Deandre Ayton","Portland Trail Blazers","Vet",26.9,97.9,14.1,1.3,6.7,2.6,0.6,0.7,1.3,11.5,1.2,0.8,3.4,1.9,2024-11-12
"Jose Alvarado","New Orleans Pelicans","Vet",32.7,96,13.9,5.2,2.8,0.6,0.3,1.7,1.8,11.8,1.7,7,1.6,2.4,2024-11-12
"Jonathan Kuminga","Golden State Warriors","Vet",23.7,98.7,13.9,2,3.1,1,0.4,0.7,1.5,10.3,3.7,2.9,3.6,2.1,2024-11-12
"Klay Thompson","Dallas Mavericks","Vet",28.9,97.3,13.6,2,2.8,0.4,0.3,0.6,1,11.8,1,7.5,0.6,1.5,2024-11-12
"Tobias Harris","Detroit Pistons","Vet",31.6,96.7,13.3,2.3,5.5,1.1,0.7,0.8,1.1,10.6,1.7,3.7,2.5,2,2024-11-12
"Josh Giddey","Chicago Bulls","Vet",27,101.1,13.3,6,4.9,1.4,0.4,0.7,2.5,10.7,2.4,3.4,4,1.5,2024-11-12
"Jalen Suggs","Orlando Magic","Vet",27.5,97.7,13.2,3.4,3.1,0.6,0.6,1.3,2.2,10.4,2.8,5.6,2.2,2.4,2024-11-12
"D'Angelo Russell","Los Angeles Lakers","Vet",27.1,99.4,13.2,4.2,2,0.3,0.2,0.8,1.5,10.6,1.9,6.3,1.4,1.8,2024-11-12
"John Collins","Utah Jazz","Vet",22.8,99.3,13.1,1.6,4.9,1.8,0.7,0.5,1.7,9.7,2.9,2.7,3.6,2.7,2024-11-12
"Keldon Johnson","San Antonio Spurs","Vet",26.8,97.1,13.1,1.8,3.7,1.1,0.2,0.7,1.1,10,2.6,4.3,3.2,1.8,2024-11-12
"Jrue Holiday","Boston Celtics","Vet",31.1,97.4,12.6,4.1,3.3,1,0.4,1,1.7,9.6,1.1,5,2.2,1.6,2024-11-12
"Aaron Wiggins","Oklahoma City Thunder","Vet",26.4,99.1,12.5,2.2,3,1.1,0.4,1.1,1.4,9.7,1.5,4.1,3.3,1.7,2024-11-12
"Josh Hart","New York Knicks","Vet",36.7,95.2,12.3,4.9,7.4,2,0.4,1.1,2,9.2,2.2,3.5,3.9,2.5,2024-11-12
"Rui Hachimura","Los Angeles Lakers","Vet",30.4,97.7,12.2,1.3,3.7,1.2,0.3,0.6,0.9,9.6,1.8,3.7,3.3,1.8,2024-11-12
"Bobby Portis","Milwaukee Bucks","Vet",22.4,97.1,12.2,1.1,5.4,1.7,0.3,0.6,1.1,10.5,1.4,2.6,2.6,2,2024-11-12
"Khris Middleton","Milwaukee Bucks","Vet",21.8,97.5,12.1,3.7,3.2,0.7,0.2,0.7,1.8,9.7,2.1,3.6,1,2.5,2024-11-12
"Jakob Poeltl","Toronto Raptors","Vet",29,98.7,12,2.7,6.4,3.5,1.3,0.8,1.9,9.3,2.4,0.3,4.9,3.1,2024-11-12
"Dillon Brooks","Houston Rockets","Vet",29.9,96.3,12,1.3,2.5,0.7,0.2,0.8,0.9,10,1.6,5.2,1.6,2.9,2024-11-12
"Donte DiVincenzo","Minnesota Timberwolves","Vet",27,97.7,11.9,3,2.6,0.7,0.4,1.2,1.5,10.1,1.4,7.3,1.9,2.1,2024-11-12
"Ayo Dosunmu","Chicago Bulls","Vet",28.1,100.1,11.9,3.4,2.6,0.6,0.4,0.8,1.6,9.5,1.5,4.4,3.6,2.2,2024-11-12
"Buddy Hield","Golden State Warriors","Vet",20.9,96.3,11.7,1.8,2.2,0.5,0.3,0.7,1,9.1,1,6.4,1.6,1.7,2024-11-12
"Christian Braun","Denver Nuggets","Vet",28.9,98.3,11.7,1.8,3.5,1.3,0.5,0.8,0.9,8.2,2.2,3,3.8,2.2,2024-11-12
"Kyshawn George","Washington Wizards","Rookie",32.7,99.6,11.7,2.5,4.5,0.9,1,1,1.3,9.8,1.3,7.2,2,3.6,2024-11-12
"Jabari Smith Jr.","Houston Rockets","Vet",27.5,96.1,11.6,1.3,4.6,1.5,0.7,0.6,1,9.4,2.1,4.5,2,2.2,2024-11-12
"De'Andre Hunter","Atlanta Hawks","Vet",22.3,100.3,11.5,1.4,2.7,0.4,0.2,0.5,1.1,9.2,2.8,4.4,1.7,2.1,2024-11-12
"Corey Kispert","Washington Wizards","Vet",27.7,99.2,11.5,2,2.7,0.4,0.2,0.6,1,9.1,1.9,5.4,2.1,1.8,2024-11-12
"Jordan Clarkson","Utah Jazz","Vet",21,99,11.5,3.2,1.9,0.5,0.1,0.5,1.7,9.8,2.2,4.6,1.1,1.3,2024-11-12
"Luguentz Dort","Oklahoma City Thunder","Vet",28.7,100.5,11.4,1.8,2.8,1,0.5,1,1,8.8,2.1,5.7,1.8,2.8,2024-11-12
"Santi Aldama","Memphis Grizzlies","Vet",28.6,101,11.4,2.9,5.3,1.4,0.7,0.8,1.3,9.3,1.5,4.6,2.7,1.5,2024-11-12
"Tari Eason","Houston Rockets","Vet",23.3,97.2,11.3,1.2,3.8,2.1,0.8,1.3,1,8.9,1.7,3.2,4.1,2.4,2024-11-12
"Caris LeVert","Cleveland Cavaliers","Vet",24.7,98.7,11.3,4,2.8,0.6,0.4,1,1.4,8.9,2.2,3.7,2.9,1.6,2024-11-12
"Trey Murphy III","New Orleans Pelicans","Vet",25.4,96.9,11.2,1.8,3.6,0.6,0.4,0.8,0.8,8.8,1.9,5.7,1.4,1.4,2024-11-12
"Naz Reid","Minnesota Timberwolves","Vet",21.5,97.9,11.2,1.4,4,0.8,0.7,0.6,1.2,8.5,1.7,4.4,2.2,2.1,2024-11-12
"Scoot Henderson","Portland Trail Blazers","Sophomore",23,99.5,11.2,4.8,1.9,0.6,0.1,0.7,2.4,9.5,2.9,2.9,3.1,2.3,2024-11-12
"Rudy Gobert","Minnesota Timberwolves","Vet",30.5,96.5,11.1,1.7,8,3.3,1.5,0.7,1.5,6.7,3.9,0.3,5.2,3,2024-11-12
"Kevin Huerter","Sacramento Kings","Vet",27.6,98,11.1,2.5,3.1,0.6,0.4,0.9,0.9,9.3,0.8,6.2,1.4,2.3,2024-11-12
"Payton Pritchard","Boston Celtics","Vet",22.6,97,11.1,2.7,1.8,0.6,0,0.6,0.9,8.5,0.8,6.2,1,1.4,2024-11-12
"Stephon Castle","San Antonio Spurs","Rookie",28,96.4,11.1,2.8,2.6,0.8,0.3,1,1.7,9.6,2.3,4.1,3.4,2.3,2024-11-12
"Malik Beasley","Detroit Pistons","Vet",24.6,98.3,10.9,1.4,2.1,0.3,0.1,0.6,0.9,9.4,1.1,6.6,0.8,1.6,2024-11-12
"Dyson Daniels","Atlanta Hawks","Vet",27.5,102.7,10.8,2.4,3.4,1,0.5,1.8,1.3,9.2,1.5,3.2,2.9,2.2,2024-11-12
"Alexandre Sarr","Washington Wizards","Rookie",25.7,100.1,10.8,1.9,4.4,1.7,1.9,0.6,1.4,9,2.1,4.5,2.7,3,2024-11-12
"Brook Lopez","Milwaukee Bucks","Vet",28.6,98.2,10.7,1.5,3.2,1.3,1.9,0.6,1,8.2,1.4,4.6,1.9,2.1,2024-11-12
"Tyus Jones","Phoenix Suns","Vet",30.6,98.6,10.6,6.2,2.3,0.4,0.2,1.1,1.1,8.6,0.6,4.8,1.1,0.9,2024-11-12
"Tim Hardaway Jr.","Detroit Pistons","Vet",26.8,96.3,10.6,1.8,2.3,0.2,0.1,0.6,0.8,8.2,1.3,5.6,0.7,1.4,2024-11-12
"Scotty Pippen Jr.","Memphis Grizzlies","Vet",22.2,100.7,10.5,4.5,2.5,0.7,0.3,1.1,2.1,7.8,2.1,3,2.7,2.4,2024-11-12
"Daniel Gafford","Dallas Mavericks","Vet",21.7,98.4,10.5,1.2,4,2.3,1.5,0.6,1,6.6,2.6,0.2,5.1,2.5,2024-11-12
"Jonas Valanciunas","Washington Wizards","Vet",19,98.5,10.5,1.8,5,2.2,0.6,0.4,1.5,7.7,2.5,0.7,3.1,2.2,2024-11-12
"Isaiah Joe","Oklahoma City Thunder","Vet",23.7,98.8,10.4,1.7,2.4,0.5,0.2,0.7,0.7,8.2,0.8,6.5,0.6,1.6,2024-11-12
"Clint Capela","Atlanta Hawks","Vet",23.6,101.5,10.4,1.3,5.5,3.5,1,0.6,1,7.4,2.4,0.2,5.7,2,2024-11-12
"Harrison Barnes","San Antonio Spurs","Vet",27.8,97,10.4,1.6,2.2,1,0.1,0.6,0.9,7.8,2.1,3.8,1.8,1,2024-11-12
"Ochai Agbaji","Toronto Raptors","Vet",28.2,98.4,10.4,1.8,2.7,1.1,0.5,0.8,1.1,7.6,1.5,3.7,3.2,2.1,2024-11-12
"Desmond Bane","Memphis Grizzlies","Vet",16.5,100,10.1,2.3,2,0.4,0.2,0.5,1.1,8.1,1.6,3.9,1.9,1.5,2024-11-12
"Carlton Carrington","Washington Wizards","Rookie",29.9,99.4,10,4.8,3.6,0.5,0.2,1.1,1.8,8.3,1.6,3.2,2.1,2.6,2024-11-12
"Amen Thompson","Houston Rockets","Sophomore",23.4,98.2,9.9,2.3,4.1,2.1,0.5,1,1.4,7.2,2.8,0.8,3.8,2.3,2024-11-12
"Kevin Porter Jr.","Los Angeles Clippers","Vet",18.3,96.6,9.9,3.1,2.3,0.6,0.1,0.7,1.6,8.3,2.3,3.2,1.4,1.5,2024-11-12
"Zaccharie Risacher","Atlanta Hawks","Rookie",22.3,101.2,9.9,1.3,2.2,1,0.6,0.7,1.2,8.4,2,3.9,2.7,2.1,2024-11-12
"Jaden McDaniels","Minnesota Timberwolves","Vet",27.7,96.7,9.8,1.5,2.1,0.9,0.7,0.8,1.1,7.7,1.3,3.5,2,2.8,2024-11-12
"Julian Champagnie","San Antonio Spurs","Vet",27.4,98.5,9.8,1.8,3.5,0.7,0.5,0.8,1,7.7,1.2,5.3,1.6,1.4,2024-11-12
"Caleb Martin","Philadelphia 76ers","Vet",29.1,96.1,9.8,2.3,3.2,1.2,0.4,0.9,1.4,7.3,2,3.2,1.5,2,2024-11-12
"GG Jackson","Memphis Grizzlies","Sophomore",17.7,97.2,9.8,1,2,0.6,0.3,0.5,1,8.9,2.1,4.2,2.4,1.2,2024-11-12
"Bogdan Bogdanovic","Atlanta Hawks","Vet",19.4,99.3,9.7,2,1.8,0.4,0.3,0.7,0.9,7.7,1.2,4.8,1.2,1.6,2024-11-12
"Grant Williams","Charlotte Hornets","Vet",25.9,97,9.7,2.4,3.1,1,0.5,0.7,1.4,7.4,1.9,4.4,1.6,2.8,2024-11-12
"Moritz Wagner","Orlando Magic","Vet",15.8,97.9,9.6,0.9,2.9,1.1,0.2,0.5,1.1,6.4,2.6,1.9,3.8,1.9,2024-11-12
"Mike Conley","Minnesota Timberwolves","Vet",24.5,96.4,9.5,4.5,2,0.5,0.2,1,1.3,7.5,1.4,4.7,0.8,1.7,2024-11-12
"Nicolas Claxton","Brooklyn Nets","Vet",27.3,94.9,9.5,2.3,6.6,2.4,1.6,0.7,1.3,6.6,2.5,0.3,4.2,2.4,2024-11-12
"Chris Paul","San Antonio Spurs","Vet",26.8,97.5,9.5,7,3.1,0.3,0.2,1.2,1.8,7.7,0.8,4.5,0.2,1.9,2024-11-12
"Miles McBride","New York Knicks","Vet",23.3,95.3,9.4,2.1,1.5,0.4,0.2,0.9,0.8,7.8,1,4.8,1.4,1.9,2024-11-12
"Derrick Jones Jr.","Los Angeles Clippers","Vet",25.3,96.2,9.4,1.3,2.1,1.1,0.6,0.7,0.9,7.3,1.5,3.4,2.6,2.1,2024-11-12
"Jusuf Nurkic","Phoenix Suns","Vet",24.9,99.7,9.3,2.6,7.6,2.5,0.9,1,1.9,6.9,2.9,2,3.4,3,2024-11-12
"Andre Drummond","Philadelphia 76ers","Vet",22.3,96.6,9.3,0.7,6.5,3.2,0.7,1.1,1.5,6.7,2.6,0.3,4.8,2.5,2024-11-12
"Patrick Williams","Chicago Bulls","Vet",26.8,102.7,9.2,1.7,3.3,0.9,0.6,1,1.3,8.1,1.1,4.1,2,1.7,2024-11-12
"Jeremiah Robinson-Earl","New Orleans Pelicans","Vet",27.2,96.1,9.2,1.6,3.3,2.2,0.3,0.8,1,7.3,1.5,2.7,3.2,1.8,2024-11-12
"De'Anthony Melton","Golden State Warriors","Vet",20.5,100.8,9.1,2.3,2.4,0.6,0.4,1.2,1.2,7.8,1.2,5.5,1.5,2,2024-11-12
"Cason Wallace","Oklahoma City Thunder","Sophomore",27.3,99.1,9.1,1.7,2.3,0.9,0.5,1.3,0.9,7.5,0.9,3.3,2.3,1.9,2024-11-12
"Jake LaRavia","Memphis Grizzlies","Vet",22.9,99.3,9,2.5,2.6,1.4,0.4,0.8,1.4,6.7,2.3,3.4,2.2,2,2024-11-12
"Kristaps Porzingis","Boston Celtics","Vet",14.9,97.8,8.8,0.9,2.7,0.8,1,0.4,0.8,6.3,2.3,2.8,1.5,1.6,2024-11-12
"Russell Westbrook","Denver Nuggets","Vet",18.3,101.7,8.7,3.7,2.5,0.9,0.3,0.8,1.8,7.3,2,2.2,2.9,1.7,2024-11-12
"Jaylen Wells","Memphis Grizzlies","Rookie",20.5,101.7,8.6,1.3,2.1,0.7,0.3,0.5,0.8,7.1,1.2,3.6,1.4,1.5,2024-11-12
"Grayson Allen","Phoenix Suns","Vet",20.6,98.4,8.5,1.5,1.9,0.4,0.3,0.6,0.7,6.6,1.3,4.9,0.9,1.4,2024-11-12
"Dorian Finney-Smith","Brooklyn Nets","Vet",27.9,95.1,8.5,1.7,2.9,1.6,0.5,0.9,1,7.1,0.9,4.8,1.7,2.5,2024-11-12
"Tre Mann","Charlotte Hornets","Vet",17.4,96.3,8.4,2.6,1.8,0.4,0.1,0.7,1.3,7,1.5,3,1.9,1.3,2024-11-12
"Al Horford","Boston Celtics","Vet",26.7,97.3,8.3,2.2,4.8,1.2,0.9,0.7,0.8,6.4,0.3,4.5,1,1.5,2024-11-12
"Toumani Camara","Portland Trail Blazers","Sophomore",26.9,97.9,8.3,1.7,2.9,1.9,0.4,1.1,1.3,6.1,1.5,3,2.5,2.6,2024-11-12
"Tyrese Maxey","Philadelphia 76ers","Vet",12.2,96.7,8.2,1.7,1,0.1,0.1,0.3,0.6,6.7,1.6,3,1.5,0.7,2024-11-12
"Jared McCain","Philadelphia 76ers","Rookie",16.2,96.8,8.2,1.6,1.4,0.3,0,0.5,1,7.1,1.5,3.3,2.2,1.1,2024-11-12
"Chris Boucher","Toronto Raptors","Vet",16,96.5,8.1,0.8,2.9,1.1,0.6,0.4,0.6,6.1,2,3,2.1,1.4,2024-11-12
"Deni Avdija","Portland Trail Blazers","Vet",18.8,97.8,8.1,2.1,3.4,0.7,0.4,0.5,1.3,6.1,2.3,2.2,2.2,1.7,2024-11-12
"Terance Mann","Los Angeles Clippers","Vet",24.6,96,7.9,1.6,2.2,1.3,0.2,0.5,0.8,6.1,1.2,2.3,2,2.2,2024-11-12
"Draymond Green","Golden State Warriors","Vet",26.8,99.3,7.8,5.7,4.9,1.1,0.8,1,2.1,5.9,1.4,3,1.6,3,2024-11-12
"Kentavious Caldwell-Pope","Orlando Magic","Vet",29,96.5,7.8,1.9,2.1,0.4,0.5,1.2,0.8,6.5,1.1,4.3,1,2,2024-11-12
"Amir Coffey","Los Angeles Clippers","Vet",22.6,96.5,7.8,1,1.7,0.4,0.2,0.6,0.5,5.9,1.2,3.2,1,1.6,2024-11-12
"Shaedon Sharpe","Portland Trail Blazers","Vet",16.8,100.3,7.8,1.2,1.7,0.5,0.2,0.4,0.9,6.9,1.5,3.2,1.9,1.3,2024-11-12
"Onyeka Okongwu","Atlanta Hawks","Vet",18.4,100.7,7.7,1.2,3.2,1.8,0.7,0.5,0.8,5.4,1.8,1,3.1,2.1,2024-11-12
"Royce O'Neale","Phoenix Suns","Vet",22.4,98.3,7.6,2,3.8,0.9,0.4,0.7,0.9,6.3,0.7,4.3,1.2,2,2024-11-12
"Naji Marshall","Dallas Mavericks","Vet",21.8,97.9,7.6,2,3,0.9,0.2,0.8,1,5.9,1,2.2,1.9,1.4,2024-11-12
"Isaiah Stewart","Detroit Pistons","Vet",25.9,98.3,7.6,1.8,4.5,2.2,1,0.5,1.3,5.3,1.7,1.4,2.9,2.4,2024-11-12
"Ajay Mitchell","Oklahoma City Thunder","Rookie",20.2,97.9,7.6,2.4,1.9,0.6,0.2,0.8,1.3,5.9,1.3,1.9,2.2,1.9,2024-11-12
"T.J. McConnell","Indiana Pacers","Vet",14.9,100.3,7.5,3.8,1.6,0.5,0.1,0.8,1.2,7,0.7,0.6,2.1,1,2024-11-12
"Peyton Watson","Denver Nuggets","Vet",20.9,100.2,7.5,1.1,2.5,0.8,1,0.6,0.7,5.9,1.5,2.2,2.4,1.9,2024-11-12
"Aaron Gordon","Denver Nuggets","Vet",17.2,96.1,7.4,1.8,2.1,1.2,0.3,0.4,0.8,5.3,1.8,1.7,2.7,1.2,2024-11-12
"Walker Kessler","Utah Jazz","Vet",22.7,99.3,7.4,0.9,5.1,2.9,2.1,0.5,1.1,4.8,1.5,0.3,3.6,1.9,2024-11-12
"Jalen Smith","Chicago Bulls","Vet",14,100.8,7.4,0.7,3,1.3,0.5,0.3,0.6,5.7,1.4,3.1,2.1,1.8,2024-11-12
"Nikola Jovic","Miami Heat","Vet",17.6,96.8,7.2,1.4,3.1,0.6,0.2,0.6,0.9,5.6,1.1,3.2,1.3,1.5,2024-11-12
"Nickeil Alexander-Walker","Minnesota Timberwolves","Vet",21.2,98,7.2,2.2,1.7,0.4,0.3,0.7,1,5.6,0.8,3.7,0.8,1.4,2024-11-12
"Taurean Prince","Milwaukee Bucks","Vet",25.8,98.4,7.2,1.5,3.1,0.5,0.3,0.7,0.9,5.4,0.5,3.6,0.9,1.8,2024-11-12
"Brandin Podziemski","Golden State Warriors","Sophomore",20.2,97,7.1,2.6,2.8,1.1,0.2,0.7,1,6.3,0.9,2.8,1.2,1.6,2024-11-12
"Jaylen Nowell","New Orleans Pelicans","Vet",14.9,96.7,7.1,1.1,1.2,0.4,0.1,0.4,0.7,6.4,1,2.5,1.1,1.1,2024-11-12
"Scottie Barnes","Toronto Raptors","Vet",12.7,99,7,2.2,2.1,0.8,0.4,0.5,1.1,5.7,1.6,1.4,1.6,0.9,2024-11-12
"Ty Jerome","Cleveland Cavaliers","Vet",14.8,98.9,7,2.7,1.3,0.4,0.1,0.6,1,5,1.3,1.8,1.4,1,2024-11-12
"Ziaire Williams","Brooklyn Nets","Vet",17.8,94.8,7,1.1,2.3,0.7,0.2,0.6,0.9,5.8,1.3,2.6,2,1.8,2024-11-12
"Keon Ellis","Sacramento Kings","Vet",22.1,96.9,6.8,1.5,1.7,0.8,0.7,1.1,0.8,4.9,1.1,3.2,0.8,2.4,2024-11-12
"Isaac Okoro","Cleveland Cavaliers","Vet",21.6,97.5,6.8,1.5,1.7,0.7,0.3,0.7,0.7,5.1,1.2,2.7,2,1.8,2024-11-12
"Cody Martin","Charlotte Hornets","Vet",20.4,96.6,6.8,2.1,2.5,0.6,0.3,0.8,0.9,5.7,1,3,1.5,1.6,2024-11-12
"Zach Collins","San Antonio Spurs","Vet",14.4,97.4,6.8,1.9,2.4,1.1,0.5,0.4,1.1,5.4,1.4,1.8,1.8,2.1,2024-11-12
"Javonte Green","New Orleans Pelicans","Vet",22.8,97.4,6.7,0.9,2.8,1.3,0.5,1.1,0.6,4.8,1.1,2.1,2,1.7,2024-11-12
"Duncan Robinson","Miami Heat","Vet",15.4,97.2,6.7,1.3,1.3,0.1,0.2,0.4,0.7,5.7,0.6,4.7,0.6,1.6,2024-11-12
"Sam Merrill","Cleveland Cavaliers","Vet",17.7,97.4,6.6,1.4,1.5,0.3,0.1,0.4,0.4,5.2,0.6,4.7,0.3,1.4,2024-11-12
"Tristan da Silva","Orlando Magic","Rookie",20.3,96.8,6.6,1.2,2.2,0.7,0.2,0.5,0.8,5.7,0.9,3.1,1.7,1.8,2024-11-12
"Guerschon Yabusele","Philadelphia 76ers","Vet",15.8,95.3,6.5,1,2.1,1,0.3,0.5,0.8,4.7,1.3,2.9,1.5,1.9,2024-11-12
"Kyle Lowry","Philadelphia 76ers","Vet",23.3,96.2,6.5,3.6,2.1,0.5,0.3,0.9,1.2,4.7,1.3,3.5,0.4,2.2,2024-11-12
"Alex Caruso","Oklahoma City Thunder","Vet",22.2,98.8,6.4,3.1,2.3,0.6,0.6,1.4,1.1,5.5,1,3.5,1.2,2.3,2024-11-12
"Dalano Banton","Portland Trail Blazers","Vet",10.6,98.5,6.4,1.4,1.3,0.3,0.2,0.4,0.9,5.5,1.6,2,1.8,0.8,2024-11-12
"Yves Missi","New Orleans Pelicans","Rookie",21.5,96.4,6.3,1.2,3.2,2.6,1.2,0.5,1,4.7,1.7,0.3,3.3,2,2024-11-12
"Malaki Branham","San Antonio Spurs","Vet",12.8,98.3,6.3,1,1.1,0.2,0.1,0.3,0.7,5,0.8,2.4,1.2,0.8,2024-11-12
"Luke Kennard","Memphis Grizzlies","Vet",16.3,99.3,6.2,2.5,1.6,0.2,0.1,0.4,1,4.8,0.7,3.7,0.4,1,2024-11-12
"Zach Edey","Memphis Grizzlies","Rookie",13.6,99.4,6.2,0.5,2.7,1.8,0.8,0.3,1,4.4,1.5,0.6,2.5,2.1,2024-11-12
"Georges Niang","Cleveland Cavaliers","Vet",16.6,97.4,6.1,1,2.1,0.3,0.2,0.3,0.6,5,0.5,3.3,0.9,1.9,2024-11-12
"Kris Dunn","Los Angeles Clippers","Vet",20,96.1,6,2.7,2.2,0.7,0.3,1,1,4.5,0.6,2.3,0.8,2.3,2024-11-12
"Garrison Mathews","Atlanta Hawks","Vet",15.5,99.6,6,0.8,1.1,0.2,0.1,0.4,0.4,4.2,1,3.6,0.4,1.7,2024-11-12
"Simone Fontecchio","Detroit Pistons","Vet",15.8,98,6,0.8,1.9,0.6,0.1,0.4,0.6,4.6,0.8,3,0.8,1.1,2024-11-12
"A.J. Green","Milwaukee Bucks","Vet",15.8,96.9,5.9,0.7,1.4,0.2,0.1,0.4,0.4,4.4,0.4,4.1,0.1,1.2,2024-11-12
"P.J. Washington","Dallas Mavericks","Vet",17,98,5.8,0.9,2.7,0.7,0.5,0.5,0.6,4.9,0.9,2.6,1.2,1.3,2024-11-12
"Jalen Wilson","Brooklyn Nets","Sophomore",16,95.9,5.7,1.2,2,0.9,0.1,0.4,0.7,4.5,1.2,2.2,1.2,1.3,2024-11-12
"Julian Strawther","Denver Nuggets","Sophomore",14,101.4,5.7,1.1,1.2,0.3,0.2,0.5,0.7,4.7,1.1,2.7,1.4,1.5,2024-11-12
"Goga Bitadze","Orlando Magic","Vet",16.4,95,5.6,1.4,3.2,2,1.1,0.5,0.9,4,1.2,0.6,2.6,1.6,2024-11-12
"Brandon Clarke","Memphis Grizzlies","Vet",13.6,101.6,5.6,0.8,2.1,1.1,0.4,0.5,0.4,4.3,0.8,0.6,1.6,1.2,2024-11-12
"Sam Hauser","Boston Celtics","Vet",14.8,97.2,5.5,0.8,1.9,0.4,0.2,0.4,0.3,5,0.2,4.1,0.4,0.9,2024-11-12
"Davion Mitchell","Toronto Raptors","Vet",16,98.4,5.5,2.7,1.2,0.3,0.1,0.4,1,4.8,0.8,2.4,1.2,1.4,2024-11-12
"Trey Lyles","Sacramento Kings","Vet",16.2,97.3,5.4,0.9,2.8,0.8,0.3,0.3,0.6,4.4,1,3.1,1,1.3,2024-11-12
"Dereck Lively II","Dallas Mavericks","Sophomore",14,97.3,5.3,1,2.9,1.7,0.7,0.4,0.7,3.4,1.3,0.2,2.5,1.6,2024-11-12
"Haywood Highsmith","Miami Heat","Vet",17.3,97.2,5.3,0.9,1.9,0.8,0.3,0.7,0.6,4.2,0.5,2.4,1,1.6,2024-11-12
"Trayce Jackson-Davis","Golden State Warriors","Sophomore",12.6,99.9,5.3,1,2.4,1.3,0.7,0.3,0.6,3.7,1.1,0.1,2.5,1.2,2024-11-12
"Vince Williams Jr.","Memphis Grizzlies","Vet",13.8,97.9,5.3,1.9,2.1,0.5,0.3,0.5,1,4.4,1.3,1.9,1.1,1.4,2024-11-12
"Kelly Olynyk","Toronto Raptors","Vet",12.3,99.5,5.3,2,2.1,0.8,0.2,0.5,1,3.7,1.4,1.3,1.3,1.8,2024-11-12
"Anthony Black","Orlando Magic","Sophomore",16.1,96.8,5.3,2.2,1.3,0.5,0.4,0.5,1.2,4,1.3,1.4,1.6,1.6,2024-11-12
"Moses Moody","Golden State Warriors","Vet",10.8,97.5,5.2,0.6,1.1,0.4,0.1,0.3,0.4,4.1,0.8,2.3,0.8,0.8,2024-11-12
"Josh Green","Charlotte Hornets","Vet",19,98,5.2,1.2,1.5,0.6,0.2,0.6,0.5,3.9,0.5,2.6,1,1.6,2024-11-12
"Jared Butler","Washington Wizards","Vet",11.1,100.1,5.2,2.4,1,0.3,0.2,0.6,1,4,1.2,1.2,1.3,1.2,2024-11-12
"Jaime Jaquez Jr.","Miami Heat","Sophomore",12.1,96.3,5.2,1.2,1.4,0.5,0.1,0.4,0.8,4.2,1.1,1.3,1.3,1.1,2024-11-12
"Ja Morant","Memphis Grizzlies","Vet",7.1,100.3,5.1,2,1,0.2,0.1,0.2,0.9,3.9,1.5,1,1.1,0.4,2024-11-12
"Aaron Nesmith","Indiana Pacers","Vet",13.2,98.5,5.1,0.7,1.6,0.5,0.2,0.4,0.6,3.7,1,1.7,1.2,1.8,2024-11-12
"Spencer Dinwiddie","Dallas Mavericks","Vet",17.3,97.5,5.1,2.1,1.3,0.2,0.2,0.4,0.6,3.9,1.2,2.7,0.4,1.3,2024-11-12
"Kyle Anderson","Golden State Warriors","Vet",15.3,97.1,5.1,2.5,1.9,0.6,0.4,0.7,0.7,4.4,0.9,1.4,0.6,1.2,2024-11-12
"Ousmane Dieng","Oklahoma City Thunder","Vet",13.3,97.6,5.1,1.2,2.1,0.5,0.3,0.4,0.5,4.4,0.7,2.5,1.1,0.9,2024-11-12
"Dalen Terry","Chicago Bulls","Vet",14.9,100,4.9,1.4,1.6,0.9,0.5,0.6,0.8,3.7,1.3,1.4,1.9,1.8,2024-11-12
"Cole Anthony","Orlando Magic","Vet",10.2,96.2,4.9,1.4,1.4,0.3,0.2,0.3,0.8,4,1.1,1.7,0.7,1.1,2024-11-12
"Johnny Juzang","Utah Jazz","Vet",13,97.9,4.9,0.7,1.1,0.3,0.1,0.3,0.4,3.7,0.7,2.6,0.4,1.2,2024-11-12
"Kevin Durant","Phoenix Suns","Vet",7.2,98,4.8,0.8,1.1,0.1,0.2,0.2,0.6,3.4,1,1.2,0.5,0.4,2024-11-12
"Ben Sheppard","Indiana Pacers","Sophomore",16.2,100.8,4.7,0.9,1.5,0.4,0.1,0.5,0.5,3.8,0.3,2.9,0.8,1.6,2024-11-12
"Gary Trent Jr.","Milwaukee Bucks","Vet",11.3,99.6,4.7,0.6,0.9,0.1,0,0.5,0.3,4,0.6,2.4,0.5,0.8,2024-11-12
"Jonathan Isaac","Orlando Magic","Vet",12.1,96.5,4.6,0.4,2.1,1,0.8,0.6,0.4,3.6,0.8,1.9,1.1,0.9,2024-11-12
"Dean Wade","Cleveland Cavaliers","Vet",18,99.1,4.6,1.1,2.9,0.6,0.4,0.6,0.4,3.8,0.6,3.3,0.5,1.6,2024-11-12
"Andrew Nembhard","Indiana Pacers","Vet",11.7,98.2,4.6,1.9,0.8,0.2,0.1,0.4,0.7,3.7,0.6,1.2,0.8,1,2024-11-12
"Blake Wesley","San Antonio Spurs","Vet",13.5,97.5,4.6,2.2,1.1,0.3,0.1,0.5,1,3.7,1.2,1,1.9,1.3,2024-11-12
"Jay Huff","Memphis Grizzlies","Vet",8.7,102.2,4.5,0.5,1.3,0.4,0.7,0.2,0.3,2.9,0.7,2,0.8,1,2024-11-12
"Neemias Queta","Boston Celtics","Vet",13.3,96.4,4.5,0.5,2.6,1.7,0.7,0.3,0.5,3.6,0.9,0.1,2.2,1.6,2024-11-12
"Nick Richards","Charlotte Hornets","Vet",12.6,96.5,4.5,0.6,2.6,1.3,0.6,0.2,0.6,2.8,1.4,0.1,1.9,1.3,2024-11-12
"Julian Phillips","Chicago Bulls","Sophomore",12.8,100,4.5,0.5,1,0.7,0.2,0.5,0.5,3.5,0.9,1.9,1.3,1.4,2024-11-12
"Dillon Jones","Oklahoma City Thunder","Rookie",12.7,95.7,4.5,1.1,1.4,0.6,0.2,0.4,0.7,3.9,0.9,2.2,1.2,1.3,2024-11-12
"Mark Williams","Charlotte Hornets","Vet",10.1,98.4,4.4,0.5,2.1,1.1,0.4,0.3,0.4,3.5,1.1,0.6,1.9,1.1,2024-11-12
"Ausar Thompson","Detroit Pistons","Sophomore",12.4,98.6,4.4,0.8,2,0.9,0.4,0.5,0.6,3.9,0.9,1.2,1.5,1.4,2024-11-12
"Eric Gordon","Philadelphia 76ers","Vet",13.5,96.2,4.4,0.9,0.8,0.2,0.2,0.4,0.6,3.3,0.7,2.3,0.8,0.7,2024-11-12
"Keon Johnson","Brooklyn Nets","Vet",10.6,95.8,4.4,1.1,1.2,0.3,0.2,0.4,0.7,3.8,0.8,2.1,1.1,1.2,2024-11-12
"Jaxson Hayes","Los Angeles Lakers","Vet",13,98.9,4.3,0.5,2.2,1.3,0.5,0.4,0.6,2.6,1.3,0.2,2,1.7,2024-11-12
"Miles Bridges","Charlotte Hornets","Vet",8.1,97.7,4.2,0.7,1.4,0.2,0.1,0.2,0.4,3.4,0.7,1.5,1.1,0.4,2024-11-12
"Nicolas Batum","Los Angeles Clippers","Vet",17.8,97.3,4.2,1.5,2.2,0.7,0.5,0.6,0.6,3.4,0.5,2.6,0.5,1.5,2024-11-12
"Daniel Theis","New Orleans Pelicans","Vet",13.8,96.4,4.2,1,2.4,1,0.6,0.3,0.6,3.4,0.6,1.1,1.3,1.7,2024-11-12
"Jamal Cain","New Orleans Pelicans","Vet",11.4,95.9,4.1,0.5,1.3,0.6,0.2,0.4,0.4,3.2,0.7,1.6,0.8,1.2,2024-11-12
"Obi Toppin","Indiana Pacers","Vet",8.8,100.7,4,0.7,1.3,0.4,0.2,0.2,0.4,2.9,0.6,1.3,1.1,0.7,2024-11-12
"Jock Landale","Houston Rockets","Vet",9.6,98.6,3.9,0.6,1.3,0.9,0.3,0.2,0.4,2.9,1,0.7,1.2,1.1,2024-11-12
"Mason Plumlee","Phoenix Suns","Vet",13.7,96.5,3.9,1.2,3.1,1.4,0.4,0.3,0.6,2.5,1.5,0.1,1.8,1.7,2024-11-12
"Jarace Walker","Indiana Pacers","Sophomore",11.1,98.1,3.9,0.9,1.7,0.4,0.3,0.5,0.6,3.3,0.5,1.8,0.7,1,2024-11-12
"Ryan Dunn","Phoenix Suns","Rookie",10.9,99.5,3.9,0.6,1.3,0.4,0.2,0.3,0.3,3.3,0.3,2.2,0.7,1.2,2024-11-12
"Bruce Brown","Toronto Raptors","Vet",10.6,98.1,3.8,1,1.2,0.3,0.1,0.4,0.6,3.2,0.7,0.9,0.9,1,2024-11-12
"Reed Sheppard","Houston Rockets","Rookie",11.6,98.8,3.8,1.8,0.9,0.3,0,0.4,0.6,3.4,0.4,1.8,0.5,1,2024-11-12
"Marvin Bagley III","Washington Wizards","Vet",7.2,98.8,3.7,0.3,1.3,0.8,0.2,0.2,0.4,2.8,0.8,0.4,1.4,0.6,2024-11-12
"Noah Clowney","Brooklyn Nets","Sophomore",10.6,96.6,3.7,0.5,1.6,0.6,0.4,0.3,0.4,3,0.8,1.7,1.1,1.2,2024-11-12
"Ronald Holland II","Detroit Pistons","Rookie",9.8,98.1,3.7,0.4,1.3,0.4,0.1,0.3,0.4,3.2,0.6,1.5,1,1,2024-11-12
"Antonio Reeves","New Orleans Pelicans","Rookie",10.8,96.4,3.7,0.8,1.1,0.3,0.1,0.3,0.5,3.5,0.6,2.4,0.8,0.9,2024-11-12
"Paul Reed","Detroit Pistons","Vet",8.8,96.4,3.6,0.5,1.6,1,0.5,0.4,0.4,2.7,0.6,0.3,1.4,1.3,2024-11-12
"Pat Connaughton","Milwaukee Bucks","Vet",13.9,97.5,3.5,1.3,1.5,0.4,0.1,0.4,0.5,2.9,0.5,2,0.8,0.9,2024-11-12
"Marcus Smart","Memphis Grizzlies","Vet",8,100.3,3.4,1.1,0.7,0.2,0.1,0.4,0.6,2.8,0.7,1.5,0.4,0.8,2024-11-12
"Cam Reddish","Los Angeles Lakers","Vet",14.5,96.9,3.4,0.6,1.3,0.4,0.2,0.6,0.4,2.6,0.5,1.2,1,1,2024-11-12
"Cody Williams","Utah Jazz","Rookie",13.1,98.7,3.4,0.7,1.3,0.5,0.2,0.4,0.5,3.1,0.5,1.6,0.8,0.9,2024-11-12
"Donovan Clingan","Portland Trail Blazers","Rookie",9.9,99.6,3.4,0.3,1.9,1.2,0.9,0.2,0.6,2.4,0.9,0.3,1.8,1.7,2024-11-12
"Josh Richardson","Miami Heat","Vet",10.8,97,3.4,0.9,0.9,0.2,0.1,0.4,0.4,3.2,0.4,2,0.3,1,2024-11-12
"John Konchar","Memphis Grizzlies","Vet",17.6,100.7,3.2,1.4,2.8,1.1,0.6,0.8,0.6,2.6,0.5,1.9,0.8,1.4,2024-11-12
"Sandro Mamukelashvili","San Antonio Spurs","Vet",7.5,99.5,3.2,0.5,1.6,0.7,0.2,0.2,0.3,2.5,0.5,1.2,0.9,0.7,2024-11-12
"Precious Achiuwa","New York Knicks","Vet",9.9,95.6,3.2,0.5,1.7,1.1,0.4,0.3,0.5,2.4,0.7,0.5,1.5,1.1,2024-11-12
"Cameron Payne","New York Knicks","Vet",7.6,95.9,3.2,1.2,0.6,0.1,0.1,0.2,0.4,3,0.3,1.7,0.5,0.8,2024-11-12
"Seth Curry","Charlotte Hornets","Vet",9.7,99.3,3.2,0.6,0.7,0.2,0.1,0.3,0.3,2.9,0.3,1.6,0.2,0.8,2024-11-12
"Gary Payton II","Golden State Warriors","Vet",8.9,98.7,3.1,0.7,0.8,0.7,0.2,0.5,0.4,2.2,0.4,0.6,1.2,1.1,2024-11-12
"Isaiah Jackson","Indiana Pacers","Vet",7.4,100.5,3.1,0.4,1.4,0.9,0.6,0.3,0.4,2,0.9,0.1,1.6,1.2,2024-11-12
"Gary Harris","Orlando Magic","Vet",13.5,97.5,3.1,0.6,0.8,0.3,0.2,0.5,0.3,2.8,0.3,2.2,0.3,1,2024-11-12
"Patrick Baldwin Jr.","Washington Wizards","Vet",7.7,99.8,3,0.4,1.4,0.3,0.2,0.3,0.3,2.5,0.5,1.6,0.7,0.8,2024-11-12
"Moussa Diabate","Charlotte Hornets","Vet",11.8,94.3,3,0.5,2.5,1.5,0.4,0.3,0.5,2.1,0.8,0.1,1.4,1.2,2024-11-12
"Gabe Vincent","Los Angeles Lakers","Vet",13,97.5,3,0.8,0.8,0.2,0,0.5,0.4,2.9,0.2,1.9,0.3,1.1,2024-11-12
"James Wiseman","Indiana Pacers","Vet",7.4,98.8,3,0.4,1.5,0.8,0.2,0.1,0.5,2.4,0.8,0.2,1,1,2024-11-12
"Dalton Knecht","Los Angeles Lakers","Rookie",8.6,98.7,3,0.5,0.8,0.2,0.1,0.2,0.3,2.6,0.3,1.8,0.4,0.6,2024-11-12
"Andre Jackson Jr.","Milwaukee Bucks","Sophomore",13.1,97.6,2.8,1.2,1.6,0.7,0.2,0.5,0.7,2.3,0.3,1.3,0.5,1.7,2024-11-12
"Pelle Larsson","Miami Heat","Rookie",7.8,98.3,2.7,0.8,0.7,0.2,0.1,0.3,0.4,2,0.5,1.2,0.5,0.7,2024-11-12
"Johnny Davis","Washington Wizards","Vet",8.8,101.2,2.7,0.5,0.8,0.3,0.1,0.3,0.3,2.3,0.6,0.6,1,0.9,2024-11-12
"Patty Mills","Utah Jazz","Vet",9.7,99.7,2.6,0.8,0.6,0.1,0.1,0.3,0.4,2.4,0.2,1.9,0.2,0.8,2024-11-12
"Keaton Wallace","Atlanta Hawks","Rookie",7.4,98.8,2.6,0.8,0.6,0.1,0.1,0.3,0.4,2.2,0.4,1,0.4,0.6,2024-11-12
"Jaden Hardy","Dallas Mavericks","Vet",5.7,98.9,2.6,0.6,0.5,0.1,0,0.2,0.3,2.3,0.4,1.2,0.4,0.5,2024-11-12
"Larry Nance Jr.","Atlanta Hawks","Vet",7,97.1,2.5,0.6,1.1,0.6,0.1,0.3,0.3,1.8,0.4,0.7,0.7,0.8,2024-11-12
"Isaiah Collier","Utah Jazz","Rookie",7.3,100,2.5,1,0.7,0.1,0.1,0.3,0.5,2.2,0.4,1.3,0.6,0.6,2024-11-12
"Robert Williams III","Portland Trail Blazers","Vet",6.5,99.4,2.4,0.3,1.3,0.7,0.4,0.2,0.3,1.7,0.5,0.4,1,0.7,2024-11-12
"Tidjane Sala√ºn","Charlotte Hornets","Rookie",8.9,97.6,2.4,0.5,1.4,0.4,0.1,0.2,0.3,2.2,0.3,1.4,0.5,0.7,2024-11-12
"Josh Okogie","Phoenix Suns","Vet",6.7,97.3,2.3,0.4,0.7,0.4,0.1,0.3,0.3,1.9,0.8,1,0.7,0.6,2024-11-12
"Christian Wood","Los Angeles Lakers","Vet",5.3,97.8,2.3,0.3,1.2,0.3,0.2,0.1,0.3,1.8,0.6,0.7,0.5,0.5,2024-11-12
"Aaron Holiday","Houston Rockets","Vet",5.5,99.5,2.3,0.7,0.4,0.1,0,0.2,0.3,1.9,0.3,1,0.3,0.5,2024-11-12
"Jeff Dowtin","Philadelphia 76ers","Vet",6.5,97.6,2.3,0.7,0.6,0.1,0.1,0.2,0.2,1.8,0.4,0.7,0.4,0.4,2024-11-12
"Jamison Battle","Toronto Raptors","Rookie",6.6,96.5,2.3,0.4,0.8,0.3,0.1,0.2,0.2,1.9,0.3,1.5,0.3,0.8,2024-11-12
"Doug McDermott","Sacramento Kings","Vet",6.6,98.5,2.3,0.4,0.5,0.1,0.1,0.1,0.2,2,0.2,1.7,0.2,0.5,2024-11-12
"Kyle Filipowski","Utah Jazz","Rookie",7,99.1,2.3,0.5,1.2,0.4,0.2,0.2,0.4,1.8,0.4,0.9,0.6,0.9,2024-11-12
"Trey Jemison","New Orleans Pelicans","Sophomore",7.5,96,2.3,0.4,1.1,0.9,0.4,0.2,0.5,1.8,0.4,0.1,1,1.1,2024-11-12
"Luke Kornet","Boston Celtics","Vet",8,97.5,2.2,0.5,1.2,0.9,0.4,0.2,0.3,1.4,0.5,0.1,1.2,0.7,2024-11-12
"Talen Horton-Tucker","Chicago Bulls","Vet",4.8,99.9,2.2,0.7,0.6,0.1,0.1,0.2,0.3,1.9,0.6,0.8,0.5,0.4,2024-11-12
"Jonathan Mogbo","Toronto Raptors","Rookie",6.6,98.8,2.2,0.6,0.9,0.8,0.2,0.2,0.4,1.6,0.7,0.3,0.9,0.9,2024-11-12
"Kris Murray","Portland Trail Blazers","Sophomore",7.3,98.9,2.2,0.4,0.8,0.5,0.1,0.3,0.3,1.8,0.4,0.9,0.6,0.6,2024-11-12
"Rayan Rupert","Portland Trail Blazers","Sophomore",7.6,99.7,2.2,0.5,0.8,0.3,0,0.2,0.3,1.9,0.3,1,0.5,0.7,2024-11-12
"Jamal Shead","Toronto Raptors","Rookie",6.2,97.8,2.2,1.2,0.4,0.1,0,0.2,0.5,2,0.4,0.8,0.4,0.7,2024-11-12
"Thomas Bryant","Miami Heat","Vet",5,96.7,2.1,0.2,1.1,0.4,0.2,0.1,0.2,1.5,0.4,0.5,0.7,0.5,2024-11-12
"Kevin Love","Miami Heat","Vet",4.5,96.8,2.1,0.4,1.1,0.3,0.1,0.1,0.3,1.7,0.5,1.2,0.3,0.5,2024-11-12
"Matas Buzelis","Chicago Bulls","Rookie",6.6,99.8,2.1,0.3,1,0.5,0.2,0.2,0.3,1.8,0.4,0.8,0.6,0.9,2024-11-12
"Jeff Green","Houston Rockets","Vet",5.2,97,2.1,0.3,0.6,0.2,0.1,0.1,0.2,1.7,0.5,0.9,0.3,0.4,2024-11-12
"Vit Krejci","Atlanta Hawks","Vet",7.4,98,2,0.6,0.6,0.2,0.1,0.2,0.3,1.5,0.3,1,0.3,0.8,2024-11-12
"Dwight Powell","Dallas Mavericks","Vet",8.7,96.8,1.9,0.6,1.3,0.9,0.2,0.3,0.3,1.2,0.9,0.1,0.9,1.4,2024-11-12
"Wendell Carter Jr.","Orlando Magic","Vet",5,97.3,1.9,0.3,1,0.4,0.1,0.1,0.2,1.4,0.5,0.6,0.5,0.5,2024-11-12
"Ryan Rollins","Milwaukee Bucks","Vet",5.1,98.8,1.9,0.6,0.6,0.2,0.2,0.2,0.4,1.4,0.4,0.5,0.3,0.6,2024-11-12
"Mitchell Robinson","New York Knicks","Vet",7.9,97.4,1.8,0.3,1.3,1.1,0.4,0.3,0.3,1.3,0.7,0.2,1.2,0.9,2024-11-12
"Luka Garza","Minnesota Timberwolves","Vet",3,99.6,1.8,0.1,0.4,0.3,0,0.1,0.2,1.5,0.5,0.5,0.5,0.4,2024-11-12
"Bruno Fernando","Toronto Raptors","Vet",4.6,96.2,1.8,0.4,0.8,0.5,0.2,0.1,0.3,1.3,0.5,0,0.8,0.9,2024-11-12
"Taylor Hendricks","Utah Jazz","Sophomore",5.4,98.3,1.7,0.2,0.8,0.3,0.2,0.2,0.2,1.4,0.2,0.9,0.2,0.5,2024-11-12
"Jett Howard","Orlando Magic","Sophomore",4.1,98.1,1.7,0.2,0.4,0.1,0.1,0.1,0.1,1.6,0.1,1.3,0.1,0.3,2024-11-12
"Dante Exum","Dallas Mavericks","Vet",4.8,97.7,1.6,0.5,0.5,0.1,0,0.1,0.2,1.3,0.2,0.6,0.4,0.4,2024-11-12
"Josh Minott","Minnesota Timberwolves","Vet",4.6,100.3,1.6,0.2,0.7,0.2,0.2,0.1,0.2,1.2,0.3,0.5,0.5,0.5,2024-11-12
"Shake Milton","Brooklyn Nets","Vet",5.7,96.2,1.6,0.5,0.5,0.1,0.1,0.1,0.2,1.4,0.3,0.8,0.2,0.5,2024-11-12
"David Roddy","Atlanta Hawks","Vet",4.8,99.8,1.6,0.4,0.8,0.2,0.1,0.1,0.3,1.2,0.3,0.6,0.4,0.3,2024-11-12
"Anthony Gill","Washington Wizards","Vet",4.1,98.1,1.5,0.3,0.5,0.3,0.1,0.1,0.2,1.3,0.4,0.4,0.5,0.5,2024-11-12
"Jabari Walker","Portland Trail Blazers","Vet",3.9,98.4,1.5,0.2,0.8,0.3,0,0.1,0.2,1.2,0.4,0.3,0.5,0.5,2024-11-12
"Alex Len","Sacramento Kings","Vet",5.8,97.3,1.4,0.5,1.2,0.5,0.4,0.1,0.3,0.9,0.4,0.2,0.5,0.9,2024-11-12
"Chris Duarte","Chicago Bulls","Vet",3.4,97.7,1.4,0.2,0.4,0.1,0,0.1,0.2,1.1,0.3,0.8,0.2,0.3,2024-11-12
"Josh Christopher","Miami Heat","Vet",3.2,98.3,1.4,0.3,0.3,0.1,0.1,0.1,0.2,1.2,0.2,0.4,0.3,0.3,2024-11-12
"Alec Burks","Miami Heat","Vet",3.1,96.2,1.4,0.3,0.3,0.1,0,0.1,0.1,1.1,0.3,0.7,0.1,0.2,2024-11-12
"Kai Jones","Los Angeles Clippers","Vet",4.7,96.6,1.4,0.2,0.7,0.4,0.3,0.1,0.2,0.9,0.3,0.1,0.6,0.6,2024-11-12
"Ben Simmons","Brooklyn Nets","Vet",5.2,96.6,1.3,1.2,1,0.3,0.1,0.2,0.5,1,0.3,0.1,0.6,0.6,2024-11-12
"Jae'Sean Tate","Houston Rockets","Vet",4.2,98.4,1.3,0.3,0.6,0.3,0.1,0.2,0.2,1.1,0.3,0.3,0.4,0.6,2024-11-12
"Jevon Carter","Chicago Bulls","Vet",3.8,98.2,1.3,0.4,0.3,0.1,0,0.1,0.1,1.3,0.1,0.8,0.1,0.3,2024-11-12
"Justin Minaya","Portland Trail Blazers","Vet",5.4,96.5,1.3,0.3,0.5,0.3,0.1,0.1,0.2,1.1,0.2,0.8,0.3,0.6,2024-11-12
"Taj Gibson","Charlotte Hornets","Vet",5.2,97.3,1.3,0.2,0.8,0.5,0.2,0.1,0.2,1.1,0.2,0.2,0.5,0.9,2024-11-12
"Jarred Vanderbilt","Los Angeles Lakers","Vet",4.3,98.4,1.2,0.3,0.7,0.3,0.1,0.2,0.2,1,0.3,0.3,0.5,0.4,2024-11-12
"Charles Bassey","San Antonio Spurs","Vet",3.3,97.7,1.2,0.3,0.8,0.3,0.2,0.1,0.2,0.8,0.2,0.1,0.5,0.5,2024-11-12
"Jordan McLaughlin","Sacramento Kings","Vet",4.2,96.7,1.2,0.6,0.4,0.1,0,0.2,0.2,1,0.2,0.6,0.2,0.3,2024-11-12
"Matisse Thybulle","Portland Trail Blazers","Vet",5.3,97.2,1.2,0.3,0.4,0.1,0.2,0.3,0.2,1.2,0.1,0.8,0.2,0.4,2024-11-12
"Maxi Kleber","Dallas Mavericks","Vet",6.9,96.8,1.2,0.5,0.9,0.3,0.2,0.1,0.2,1.1,0.3,0.8,0.2,0.7,2024-11-12
"Marcus Sasser","Detroit Pistons","Sophomore",3,99.2,1.2,0.5,0.2,0,0,0.1,0.2,1.2,0.2,0.6,0.1,0.2,2024-11-12
"Dominick Barlow","Atlanta Hawks","Vet",3.3,98.8,1.1,0.2,0.5,0.3,0.1,0.1,0.1,0.8,0.3,0.1,0.4,0.4,2024-11-12
"Jericho Sims","New York Knicks","Vet",6.4,95.4,1.1,0.3,1.1,0.7,0.2,0.1,0.2,0.7,0.2,0.1,0.5,0.7,2024-11-12
"Steven Adams","Houston Rockets","Vet",3.4,97,1,0.3,0.6,0.5,0.1,0.1,0.2,0.7,0.3,0,0.5,0.4,2024-11-12
"Duop Reath","Portland Trail Blazers","Sophomore",2,97.5,1,0.1,0.3,0.1,0.1,0.1,0.1,0.9,0.2,0.4,0.2,0.3,2024-11-12
"Reggie Jackson","Philadelphia 76ers","Vet",2.5,97,1,0.4,0.2,0,0,0.1,0.2,1,0.1,0.5,0.2,0.2,2024-11-12
"Nah'Shon Hyland","Los Angeles Clippers","Vet",1.7,97.1,0.9,0.3,0.2,0,0,0.1,0.1,0.9,0.1,0.5,0.1,0.2,2024-11-12
"Bryce McGowens","Portland Trail Blazers","Vet",2.4,97.5,0.9,0.2,0.2,0,0,0.1,0.1,0.7,0.3,0.3,0.2,0.2,2024-11-12
"Nick Smith Jr.","Charlotte Hornets","Sophomore",2,95.9,0.9,0.2,0.2,0,0,0,0.1,0.9,0.1,0.5,0.1,0.2,2024-11-12
"Keyonte George","Utah Jazz","Sophomore",1.7,98.4,0.9,0.3,0.1,0,0,0,0.2,0.7,0.2,0.4,0.1,0.1,2024-11-12
"Sidy Cissoko","San Antonio Spurs","Sophomore",2.1,98.1,0.8,0.2,0.2,0.2,0,0.1,0.1,0.6,0.2,0.2,0.3,0.3,2024-11-12
"Zeke Nnaji","Denver Nuggets","Vet",2.4,99.1,0.8,0.1,0.3,0.2,0.1,0.1,0.1,0.6,0.2,0.2,0.3,0.3,2024-11-12
"Oso Ighodaro","Phoenix Suns","Rookie",2.6,97.4,0.8,0.1,0.4,0.3,0.1,0.1,0.1,0.7,0.2,0.1,0.3,0.5,2024-11-12
"Liam Robbins","Milwaukee Bucks","Rookie",2.4,98.9,0.8,0.1,0.4,0.2,0.1,0.1,0.1,0.6,0.2,0.2,0.3,0.4,2024-11-12
"Olivier-Maxence Prosper","Dallas Mavericks","Sophomore",2.5,97.8,0.8,0.1,0.3,0.2,0,0.1,0.1,0.7,0.2,0.2,0.3,0.2,2024-11-12
"Jalen Duren","Detroit Pistons","Vet",1.7,97.3,0.7,0.1,0.5,0.2,0.1,0,0.1,0.4,0.2,0,0.3,0.2,2024-11-12
"Drew Eubanks","Utah Jazz","Vet",2.2,99.7,0.7,0.1,0.4,0.2,0.1,0.1,0.1,0.5,0.2,0.1,0.3,0.3,2024-11-12
"Tyler Smith","Milwaukee Bucks","Rookie",1.7,99,0.7,0.1,0.3,0.1,0.1,0,0.1,0.5,0.1,0.3,0.2,0.2,2024-11-12
"Max Christie","Los Angeles Lakers","Vet",2.1,98.3,0.7,0.1,0.2,0,0,0.1,0.1,0.6,0.1,0.3,0.1,0.2,2024-11-12
"Boo Buie III","New York Knicks",NA,1.8,97,0.7,0.3,0.1,0,0,0.1,0.1,0.6,0.1,0.3,0.1,0.1,2024-11-12
"Quenton Jackson","Indiana Pacers","Vet",2,97,0.7,0.2,0.2,0.1,0,0.1,0.1,0.6,0.2,0.2,0.2,0.2,2024-11-12
"Kevon Looney","Golden State Warriors","Vet",1.8,97.4,0.6,0.2,0.4,0.3,0.1,0.1,0.1,0.5,0.2,0,0.3,0.3,2024-11-12
"Bol Bol","Phoenix Suns","Vet",1.7,96.7,0.6,0.1,0.4,0.1,0.1,0,0.1,0.6,0.1,0.2,0.1,0.2,2024-11-12
"Jared Rhoden","Charlotte Hornets","Vet",1.6,96.6,0.6,0.1,0.2,0,0.1,0,0.1,0.5,0.1,0.2,0.1,0.2,2024-11-12
"Jordan Miller","Los Angeles Clippers","Sophomore",1.5,97.4,0.6,0.1,0.2,0.1,0,0,0.1,0.4,0.1,0.2,0.1,0.1,2024-11-12
"Vasilije Micic","Charlotte Hornets","Sophomore",1.8,95.8,0.6,0.3,0.1,0,0,0.1,0.2,0.6,0.1,0.3,0.1,0.1,2024-11-12
"Daishen Nix","Minnesota Timberwolves","Vet",1.3,98.5,0.5,0.2,0.1,0,0,0,0.1,0.4,0.1,0.3,0.1,0.1,2024-11-12
"Kobe Brown","Los Angeles Clippers","Sophomore",1.8,97.5,0.5,0.1,0.2,0.1,0,0.1,0.1,0.4,0.1,0.2,0.2,0.2,2024-11-12
"Micah Potter","Utah Jazz","Vet",1.6,97.3,0.5,0.1,0.3,0.1,0.1,0,0.1,0.4,0.1,0.2,0.1,0.2,2024-11-12
"PJ Dozier","Minnesota Timberwolves","Vet",1.5,98.4,0.5,0.1,0.2,0.1,0,0.1,0.1,0.5,0.1,0.3,0.1,0.2,2024-11-12
"Rob Dillingham","Minnesota Timberwolves","Rookie",1.4,98.6,0.5,0.2,0.1,0,0,0.1,0.1,0.5,0.1,0.2,0.2,0.1,2024-11-12
"D.J. Carton","Toronto Raptors","Sophomore",1.7,100.3,0.5,0.2,0.1,0,0,0.1,0.1,0.4,0.1,0.2,0.1,0.1,2024-11-12
"Kel'el Ware","Miami Heat","Rookie",1.4,98.4,0.5,0.1,0.2,0.1,0.1,0,0.1,0.5,0.1,0.1,0.2,0.2,2024-11-12
"Dru Smith","Miami Heat","Vet",1.4,97.4,0.4,0.2,0.2,0.1,0,0.1,0.1,0.4,0.1,0.1,0.1,0.2,2024-11-12
"Christian Koloko","Los Angeles Lakers","Vet",1.4,97.2,0.4,0.1,0.2,0.1,0.1,0,0.1,0.3,0.1,0.1,0.2,0.2,2024-11-12
"Terrence Shannon Jr.","Minnesota Timberwolves","Rookie",1.1,98.7,0.4,0.1,0.1,0,0,0,0.1,0.3,0.1,0.1,0.1,0.1,2024-11-12
"Kobe Bufkin","Atlanta Hawks","Sophomore",0.9,98.1,0.4,0.1,0.1,0,0,0,0.1,0.4,0.1,0.2,0.1,0.1,2024-11-12
"Tyler Kolek","New York Knicks","Rookie",1,97.5,0.4,0.1,0.1,0,0,0,0.1,0.3,0.1,0.2,0.1,0.1,2024-11-12
"Jaylen Clark","Minnesota Timberwolves",NA,1,98,0.4,0.1,0.1,0,0,0,0.1,0.3,0.1,0.1,0.1,0.1,2024-11-12
"Stanley Umude","Milwaukee Bucks","Vet",1.1,99,0.4,0.1,0.1,0,0,0,0.1,0.3,0.1,0.2,0,0.1,2024-11-12
"Joe Ingles","Minnesota Timberwolves","Vet",2,96.2,0.4,0.3,0.2,0.1,0,0.1,0.1,0.3,0.1,0.3,0,0.2,2024-11-12
"Drew Peterson","Boston Celtics","Sophomore",1.1,96.9,0.4,0.1,0.1,0.1,0,0,0.1,0.3,0.1,0.2,0.1,0.1,2024-11-12
"Pat Spencer","Golden State Warriors","Sophomore",1.2,96.9,0.4,0.2,0.1,0,0,0,0.1,0.4,0.1,0.1,0.1,0.1,2024-11-12
"Reece Beekman","Golden State Warriors","Rookie",1.1,97.3,0.4,0.1,0.1,0,0,0,0.1,0.3,0.1,0.2,0.1,0.1,2024-11-12
"Jaden Springer","Boston Celtics","Vet",1,97.4,0.3,0.1,0.1,0.1,0,0.1,0.1,0.3,0.1,0.1,0.1,0.1,2024-11-12
"Richaun Holmes","Washington Wizards","Vet",0.7,99.1,0.3,0,0.1,0.1,0,0,0,0.2,0.1,0,0.1,0.1,2024-11-12
"Leonard Miller","Minnesota Timberwolves","Sophomore",0.8,98.2,0.3,0.1,0.2,0.1,0,0,0,0.2,0.1,0.1,0.1,0.1,2024-11-12
"Wendell Moore Jr.","Detroit Pistons","Vet",0.7,96.7,0.3,0.1,0.1,0,0,0,0,0.2,0,0.1,0.1,0.1,2024-11-12
"Kenyon Martin Jr.","Philadelphia 76ers","Vet",1,96.4,0.3,0.1,0.1,0.1,0,0,0,0.2,0.1,0,0.1,0.1,2024-11-12
"Ricky Council IV","Philadelphia 76ers","Sophomore",0.7,96.2,0.3,0,0.1,0,0,0,0,0.2,0.1,0.1,0.1,0,2024-11-12
"Cory Joseph","Orlando Magic","Vet",0.9,96.1,0.3,0.1,0.1,0,0,0,0,0.3,0,0.2,0,0.1,2024-11-12
"Alondes Williams","Detroit Pistons","Vet",0.8,97.7,0.3,0.1,0.1,0,0,0,0,0.3,0.1,0.1,0.1,0.1,2024-11-12
"Caleb Houstan","Orlando Magic","Vet",1.1,96.4,0.3,0,0.1,0,0,0,0,0.3,0,0.3,0,0.1,2024-11-12
"Yuki Kawamura","Memphis Grizzlies","Rookie",0.8,99.5,0.3,0.2,0.1,0,0,0,0.1,0.3,0.1,0.2,0,0.1,2024-11-12
"Jack McVeigh","Houston Rockets","Rookie",0.7,98.2,0.3,0,0.1,0,0,0,0,0.2,0.1,0.1,0.1,0.1,2024-11-12
"Chris Livingston","Milwaukee Bucks","Sophomore",0.9,97.2,0.3,0.1,0.1,0,0,0,0.1,0.3,0.1,0.1,0.1,0.1,2024-11-12
"Cui Yongxi","Brooklyn Nets","Rookie",0.7,98.4,0.3,0.1,0.1,0,0,0,0,0.2,0.1,0.1,0.1,0.1,2024-11-12
"Taze Moore","Portland Trail Blazers","Sophomore",0.8,97.6,0.3,0.1,0.1,0,0,0,0,0.3,0.1,0.1,0.1,0.1,2024-11-12
"Colby Jones","Sacramento Kings","Sophomore",0.8,97,0.3,0.1,0.1,0.1,0,0,0,0.3,0.1,0.1,0.1,0.1,2024-11-12
"AJ Johnson","Milwaukee Bucks","Rookie",0.8,98.6,0.3,0.1,0.1,0,0,0,0,0.3,0.1,0.1,0.1,0.1,2024-11-12
"Tyrese Martin","Brooklyn Nets","Vet",0.8,96.9,0.3,0.1,0.1,0,0,0,0,0.3,0.1,0.1,0.1,0.1,2024-11-12
"Enrique Freeman","Indiana Pacers","Rookie",1.2,97.6,0.3,0.1,0.1,0.1,0,0,0.1,0.3,0.1,0.1,0.1,0.1,2024-11-12
"Kessler Edwards","Dallas Mavericks","Vet",0.8,97.2,0.3,0,0.1,0,0,0,0,0.2,0,0.2,0.1,0.1,2024-11-12
"DeAndre Jordan","Denver Nuggets","Vet",1.1,98.6,0.3,0.1,0.3,0.1,0,0,0.1,0.3,0.1,0,0.2,0.2,2024-11-12
"Malevy Leons","Oklahoma City Thunder","Rookie",0.8,98.1,0.3,0,0.1,0.1,0,0,0,0.2,0.1,0.1,0.1,0.1,2024-11-12
"Isaac Jones","Sacramento Kings","Rookie",0.8,96.7,0.3,0,0.1,0.1,0,0,0,0.2,0.1,0.1,0.1,0.1,2024-11-12
"Monte Morris","Phoenix Suns","Vet",0.5,97.7,0.2,0.1,0,0,0,0,0,0.2,0,0.1,0,0,2024-11-12
"Oscar Tshiebwe","Utah Jazz","Sophomore",0.6,97.6,0.2,0,0.1,0.1,0,0,0,0.2,0.1,0.1,0.1,0.1,2024-11-12
"Jazian Gortman","Dallas Mavericks","Rookie",0.4,97.5,0.2,0.1,0,0,0,0,0,0.1,0,0.1,0,0,2024-11-12
"Cole Swider","Detroit Pistons","Vet",0.6,97.8,0.2,0,0.1,0,0,0,0,0.2,0,0.1,0,0.1,2024-11-12
"Garrett Temple","Toronto Raptors","Vet",0.9,97.6,0.2,0.1,0.1,0,0,0,0,0.2,0,0.1,0.1,0.1,2024-11-12
"Daniss Jenkins","Detroit Pistons","Rookie",0.5,96.6,0.2,0.1,0,0,0,0,0,0.2,0,0.1,0,0,2024-11-12
"Colin Castleton","Memphis Grizzlies","Sophomore",0.5,99.3,0.2,0,0.1,0,0,0,0,0.1,0,0,0,0.1,2024-11-12
"Jeenathan Williams","Houston Rockets","Vet",0.3,99,0.1,0,0,0,0,0,0,0.1,0,0,0,0,2024-11-12
"Jacob Toppin","New York Knicks","Sophomore",0.4,95.8,0.1,0,0.1,0,0,0,0,0.1,0,0,0,0,2024-11-12
"Dario Saric","Denver Nuggets","Vet",0.2,96.6,0.1,0,0,0,0,0,0,0.1,0,0,0,0,2024-11-12
"Baylor Scheierman","Boston Celtics","Rookie",0.4,97.7,0.1,0,0,0,0,0,0,0.1,0,0.1,0,0,2024-11-12
"Tristan Thompson","Cleveland Cavaliers","Vet",0.3,96.6,0.1,0,0.1,0,0,0,0,0.1,0,0,0,0,2024-11-12
"Jason Preston","Utah Jazz","Vet",0.4,98,0.1,0.1,0,0,0,0,0,0.1,0,0,0,0,2024-11-12
"Mouhamed Gueye","Atlanta Hawks","Sophomore",0.2,98.1,0.1,0,0,0,0,0,0,0.1,0,0,0,0,2024-11-12
"Kawhi Leonard","Los Angeles Clippers","Vet",0,96.1,0,0,0,0,0,0,0,0,0,0,0,0,2024-11-12
"Chet Holmgren","Oklahoma City Thunder","Vet",0,100.8,0,0,0,0,0,0,0,0,0,0,0,0,2024-11-12
"Isaiah Hartenstein","Oklahoma City Thunder","Vet",0,96.6,0,0,0,0,0,0,0,0,0,0,0,0,2024-11-12
"Herbert Jones","New Orleans Pelicans","Vet",0,97.2,0,0,0,0,0,0,0,0,0,0,0,0,2024-11-12
"Zion Williamson","New Orleans Pelicans","Vet",0,97.3,0,0,0,0,0,0,0,0,0,0,0,0,2024-11-12
"Lonzo Ball","Chicago Bulls","Vet",0,100.4,0,0,0,0,0,0,0,0,0,0,0,0,2024-11-12
"CJ McCollum","New Orleans Pelicans","Vet",0,96.3,0,0,0,0,0,0,0,0,0,0,0,0,2024-11-12
"Dejounte Murray","New Orleans Pelicans","Vet",0,99,0,0,0,0,0,0,0,0,0,0,0,0,2024-11-12
"Kenrich Williams","Oklahoma City Thunder","Vet",0,97,0,0,0,0,0,0,0,0,0,0,0,0,2024-11-12
"Tre Jones","San Antonio Spurs","Vet",0,99,0,0,0,0,0,0,0,0,0,0,0,0,2024-11-12
"Max Strus","Cleveland Cavaliers","Vet",0,97,0,0,0,0,0,0,0,0,0,0,0,0,2024-11-12
"Xavier Tillman","Boston Celtics","Vet",0.1,97.3,0,0,0,0,0,0,0,0,0,0,0,0,2024-11-12
"Delon Wright","Milwaukee Bucks","Vet",0,96.5,0,0,0,0,0,0,0,0,0,0,0,0,2024-11-12
"Day'Ron Sharpe","Brooklyn Nets","Vet",0,96.3,0,0,0,0,0,0,0,0,0,0,0,0,2024-11-12
"Saddiq Bey","Washington Wizards","Vet",0,97.5,0,0,0,0,0,0,0,0,0,0,0,0,2024-11-12
"Lindy Waters III","Golden State Warriors","Vet",0,97.6,0,0,0,0,0,0,0,0,0,0,0,0,2024-11-12
"Jaylin Williams","Oklahoma City Thunder","Vet",0,97,0,0,0,0,0,0,0,0,0,0,0,0,2024-11-12
"Justin Champagnie","Washington Wizards","Vet",0,98.8,0,0,0,0,0,0,0,0,0,0,0,0,2024-11-12
"Cam Whitmore","Houston Rockets","Sophomore",0,98.2,0,0,0,0,0,0,0,0,0,0,0,0,2024-11-12
"Craig Porter","Cleveland Cavaliers","Sophomore",0,97.4,0,0,0,0,0,0,0,0,0,0,0,0,2024-11-12
"Svi Mykhailiuk","Utah Jazz","Vet",0,98.1,0,0,0,0,0,0,0,0,0,0,0,0,2024-11-12
"Malcolm Brogdon","Washington Wizards","Vet",0,96.7,0,0,0,0,0,0,0,0,0,0,0,0,2024-11-12
"David Duke Jr.","San Antonio Spurs","Vet",0,98.1,0,0,0,0,0,0,0,0,0,0,0,0,2024-11-12
"Orlando Robinson","Sacramento Kings","Vet",0,97,0,0,0,0,0,0,0,0,0,0,0,0,2024-11-12
"Malik Monk","Sacramento Kings","Vet",0,98.8,0,0,0,0,0,0,0,0,0,0,0,0,2024-11-12
"E.J. Liddell","Chicago Bulls","Vet",0,97.6,0,0,0,0,0,0,0,0,0,0,0,0,2024-11-12
"Cody Zeller","Atlanta Hawks","Vet",0,97.9,0,0,0,0,0,0,0,0,0,0,0,0,2024-11-12
"JD Davison","Boston Celtics","Vet",0,97.9,0,0,0,0,0,0,0,0,0,0,0,0,2024-11-12
"Gui Santos","Golden State Warriors","Sophomore",0,98.8,0,0,0,0,0,0,0,0,0,0,0,0,2024-11-12
"Dariq Whitehead","Brooklyn Nets","Sophomore",0,99.4,0,0,0,0,0,0,0,0,0,0,0,0,2024-11-12
"Trendon Watford","Brooklyn Nets","Vet",0,96.7,0,0,0,0,0,0,0,0,0,0,0,0,2024-11-12
"JT Thor","Cleveland Cavaliers","Vet",0,97.9,0,0,0,0,0,0,0,0,0,0,0,0,2024-11-12
"Mo Bamba","Los Angeles Clippers","Vet",0,96.9,0,0,0,0,0,0,0,0,0,0,0,0,2024-11-12
"Collin Gillespie","Phoenix Suns","Vet",0,96.9,0,0,0,0,0,0,0,0,0,0,0,0,2024-11-12
"Jordan Walsh","Boston Celtics","Sophomore",0,96.3,0,0,0,0,0,0,0,0,0,0,0,0,2024-11-12
"Tristan Vukcevic","Washington Wizards","Sophomore",0,98.4,0,0,0,0,0,0,0,0,0,0,0,0,2024-11-12
"Seth Lundy","Atlanta Hawks","Sophomore",0,97.5,0,0,0,0,0,0,0,0,0,0,0,0,2024-11-12
"Lester Quinones","Philadelphia 76ers","Vet",0,97.7,0,0,0,0,0,0,0,0,0,0,0,0,2024-11-12
"Jaylen Martin","Brooklyn Nets","Sophomore",0,98.9,0,0,0,0,0,0,0,0,0,0,0,0,2024-11-12
"Quentin Grimes","Dallas Mavericks","Vet",0,96.3,0,0,0,0,0,0,0,0,0,0,0,0,2024-11-12
"DaQuan Jeffries","Charlotte Hornets","Vet",0,97.8,0,0,0,0,0,0,0,0,0,0,0,0,2024-11-12
"Luke Travers","Cleveland Cavaliers","Rookie",0,96.4,0,0,0,0,0,0,0,0,0,0,0,0,2024-11-12
"Trevelin Queen","Orlando Magic","Vet",0,97.2,0,0,0,0,0,0,0,0,0,0,0,0,2024-11-12
"Damion Lee","Phoenix Suns","Vet",0,95.8,0,0,0,0,0,0,0,0,0,0,0,0,2024-11-12
"Mac McClung","Orlando Magic","Vet",0,97.3,0,0,0,0,0,0,0,0,0,0,0,0,2024-11-12
"Jalen Pickett","Denver Nuggets","Sophomore",0,97.7,0,0,0,0,0,0,0,0,0,0,0,0,2024-11-12
"Adam Flagler","Oklahoma City Thunder","Sophomore",0,96.5,0,0,0,0,0,0,0,0,0,0,0,0,2024-11-12
"Maxwell Lewis","Los Angeles Lakers","Sophomore",0,97.2,0,0,0,0,0,0,0,0,0,0,0,0,2024-11-12
"Vlatko Cancar","Denver Nuggets","Vet",0,97.3,0,0,0,0,0,0,0,0,0,0,0,0,2024-11-12
"Keshad Johnson","Miami Heat",NA,0,97.3,0,0,0,0,0,0,0,0,0,0,0,0,2024-11-12
"Jeremy Sochan","San Antonio Spurs","Vet",0,96.9,0,0,0,0,0,0,0,0,0,0,0,0,2024-11-12
"Mason Jones","Sacramento Kings","Vet",0,97.4,0,0,0,0,0,0,0,0,0,0,0,0,2024-11-12
"Isaiah Crawford","Sacramento Kings",NA,0,97.4,0,0,0,0,0,0,0,0,0,0,0,0,2024-11-12
"Kevin McCullar Jr.","New York Knicks",NA,0,97.1,0,0,0,0,0,0,0,0,0,0,0,0,2024-11-12
"Anton Watson","Boston Celtics",NA,0,97.1,0,0,0,0,0,0,0,0,0,0,0,0,2024-11-12
"Tristen Newton","Indiana Pacers",NA,0,97.3,0,0,0,0,0,0,0,0,0,0,0,0,2024-11-12
"Alex Ducas","Oklahoma City Thunder","Rookie",0,96.3,0,0,0,0,0,0,0,0,0,0,0,0,2024-11-12
"Matt Ryan","New York Knicks","Vet",0,98.3,0,0,0,0,0,0,0,0,0,0,0,0,2024-11-12
"Cam Christie","Los Angeles Clippers",NA,0,97.5,0,0,0,0,0,0,0,0,0,0,0,0,2024-11-12
"Riley Minix","San Antonio Spurs","Rookie",0,98,0,0,0,0,0,0,0,0,0,0,0,0,2024-11-12
"Nikola Topiƒá","Oklahoma City Thunder",NA,0,97.4,0,0,0,0,0,0,0,0,0,0,0,0,2024-11-12
"Spencer Jones","Denver Nuggets","Rookie",0,97.8,0,0,0,0,0,0,0,0,0,0,0,0,2024-11-12
"Cam Spencer","Memphis Grizzlies",NA,0,97.4,0,0,0,0,0,0,0,0,0,0,0,0,2024-11-12
"Jaylon Tyson","Cleveland Cavaliers","Rookie",0,98.3,0,0,0,0,0,0,0,0,0,0,0,0,2024-11-12
"Emoni Bates","Cleveland Cavaliers","Sophomore",0,97.2,0,0,0,0,0,0,0,0,0,0,0,0,2024-11-12
"MarJon Beauchamp","Milwaukee Bucks","Vet",0,99.5,0,0,0,0,0,0,0,0,0,0,0,0,2024-11-12
"DJ Steward","Chicago Bulls",NA,0,97.6,0,0,0,0,0,0,0,0,0,0,0,0,2024-11-12
"Kyle Kuzma","Washington Wizards","Vet",0,100.7,0,0,0,0,0,0,0,0,0,0,0,0,2024-11-12
"Quincy Olivari","Los Angeles Lakers",NA,0,97.3,0,0,0,0,0,0,0,0,0,0,0,0,2024-11-12
"Torrey Craig","Chicago Bulls","Vet",0,96.2,0,0,0,0,0,0,0,0,0,0,0,0,2024-11-12
"Justin Edwards","Philadelphia 76ers",NA,0,96.8,0,0,0,0,0,0,0,0,0,0,0,0,2024-11-12
"Ja'Kobe Walter","Toronto Raptors","Rookie",0,98.8,0,0,0,0,0,0,0,0,0,0,0,0,2024-11-12
"Devin Carter","Sacramento Kings",NA,0,97.4,0,0,0,0,0,0,0,0,0,0,0,0,2024-11-12
"Jalen Bridges","Phoenix Suns",NA,0,97.1,0,0,0,0,0,0,0,0,0,0,0,0,2024-11-12
"Harrison Ingram","San Antonio Spurs","Rookie",0,98.2,0,0,0,0,0,0,0,0,0,0,0,0,2024-11-12
"Brandon Williams","Dallas Mavericks","Vet",0,97.6,0,0,0,0,0,0,0,0,0,0,0,0,2024-11-12
"P.J. Tucker","Los Angeles Clippers","Vet",0,96,0,0,0,0,0,0,0,0,0,0,0,0,2024-11-12
"Armel Traor√©","Los Angeles Lakers",NA,0,97.3,0,0,0,0,0,0,0,0,0,0,0,0,2024-11-12
"James Johnson","Indiana Pacers","Vet",0,96.3,0,0,0,0,0,0,0,0,0,0,0,0,2024-11-12
"KJ Simpson","Charlotte Hornets","Rookie",0,97.6,0,0,0,0,0,0,0,0,0,0,0,0,2024-11-12
"Adama Sanogo","Chicago Bulls","Sophomore",0,98.7,0,0,0,0,0,0,0,0,0,0,0,0,2024-11-12
"Bobi Klintman","Detroit Pistons",NA,0,97,0,0,0,0,0,0,0,0,0,0,0,0,2024-11-12
"Pac√¥me Dadiet","New York Knicks","Rookie",0,96,0,0,0,0,0,0,0,0,0,0,0,0,2024-11-12
"Bojan Bogdanovic","Brooklyn Nets","Vet",0,96.5,0,0,0,0,0,0,0,0,0,0,0,0,2024-11-12
"Adem Bona","Philadelphia 76ers","Rookie",0,97.3,0,0,0,0,0,0,0,0,0,0,0,0,2024-11-12
"Trey Alexander","Denver Nuggets","Rookie",0,97.5,0,0,0,0,0,0,0,0,0,0,0,0,2024-11-12
"TyTy Washington Jr.","Phoenix Suns","Vet",0,97.4,0,0,0,0,0,0,0,0,0,0,0,0,2024-11-12
"Bronny James","Los Angeles Lakers","Rookie",0,97.4,0,0,0,0,0,0,0,0,0,0,0,0,2024-11-12
"Johnny Furphy","Indiana Pacers","Rookie",0,97.2,0,0,0,0,0,0,0,0,0,0,0,0,2024-11-12
"Jalen Hood-Schifino","Los Angeles Lakers","Sophomore",0,97.6,0,0,0,0,0,0,0,0,0,0,0,0,2024-11-12
"Ulrich Chomche","Toronto Raptors","Rookie",0,97.1,0,0,0,0,0,0,0,0,0,0,0,0,2024-11-12
"Jordan Hawkins","New Orleans Pelicans","Sophomore",0,98,0,0,0,0,0,0,0,0,0,0,0,0,2024-11-12
"Ariel Hukporti","New York Knicks","Rookie",0,96.8,0,0,0,0,0,0,0,0,0,0,0,0,2024-11-12
"Trentyn Flowers","Los Angeles Clippers",NA,0,97.5,0,0,0,0,0,0,0,0,0,0,0,0,2024-11-12
"Brice Sensabaugh","Utah Jazz","Sophomore",0,99.5,0,0,0,0,0,0,0,0,0,0,0,0,2024-11-12
"DaRon Holmes II","Denver Nuggets",NA,0,97.5,0,0,0,0,0,0,0,0,0,0,0,0,2024-11-12
"N'Faly Dante","Houston Rockets",NA,0,97.4,0,0,0,0,0,0,0,0,0,0,0,0,2024-11-12
"Hunter Tyson","Denver Nuggets","Sophomore",0,101.2,0,0,0,0,0,0,0,0,0,0,0,0,2024-11-12
"PJ Hall","Denver Nuggets",NA,0,97.5,0,0,0,0,0,0,0,0,0,0,0,0,2024-11-12
"Karlo Matkovic","New Orleans Pelicans","Rookie",0,98.7,0,0,0,0,0,0,0,0,0,0,0,0,2024-11-12
"Jesse Edwards","Minnesota Timberwolves",NA,0,97.3,0,0,0,0,0,0,0,0,0,0,0,0,2024-11-12
"Quinten Post","Golden State Warriors",NA,0,97.2,0,0,0,0,0,0,0,0,0,0,0,0,2024-11-12
"Markieff Morris","Dallas Mavericks","Vet",0,97.9,0,0,0,0,0,0,0,0,0,0,0,0,2024-11-12
