PLAYER,RANK,GP,MIN,FG%,FT%,PTS,3PM,REB,AST,STL,BLK,TO,FGM,FGA,FTM,FTA,A$
"Nikola Jokic
DenC",1,,33.7,0.604,0.825,25.6,1.1,12.3,9,1.3,0.7,3.6,9.8,16.2,4.9,6,$80
"Giannis AntetokounmpoDTD
MilPF",2,,34.4,0.555,0.674,32.1,0.9,12.3,6.1,1,1.1,3.8,11.4,20.6,8.3,12.3,$65
"Luka Doncic
DalPG",3,,35.7,0.482,0.741,30.5,2.9,8.7,8.3,1.2,0.5,4,10.4,21.6,6.7,9.1,$70
"Jayson Tatum
BosSF",4,,36.8,0.467,0.861,32,3.5,8.4,5,1.1,0.7,2.9,10.7,22.9,7.1,8.3,$73
"Joel Embiid
PhiC",5,,34.8,0.529,0.844,32.5,1.2,11,4.1,1.1,1.6,3.4,10.6,20.1,10,11.9,$74
"Shai Gilgeous-Alexander
OKCSG",6,,35.1,0.503,0.879,29.9,1.2,4.9,5.6,1.5,0.9,2.8,10.1,20,8.5,9.7,$71
"Tyrese Haliburton
IndPG",7,,35.7,0.482,0.86,18.7,2.6,3.9,9.4,1.7,0.6,2.6,6.8,14,2.6,3,$72
"Domantas SabonisDTD
SacPF",8,,34.8,0.592,0.739,19.3,0.5,12.2,6.7,0.9,0.5,3,7.3,12.4,4.1,5.5,$57
"Anthony Edwards
MinSG",9,,36.3,0.463,0.778,29.1,3.5,5.5,4.2,1.5,0.7,3.1,10.2,22,5.2,6.7,$51
"Devin Booker
PhxSG",10,,34.4,0.482,0.861,27,2.3,4.6,7.8,1,0.3,2.7,9.7,20.2,5.3,6.1,$55
"Trae Young
AtlPG",11,,34.9,0.428,0.887,26.3,2.2,3.1,10.1,1.1,0.1,4.1,8.2,19.2,7.6,8.6,$61
"Stephen Curry
GSPG",12,,34.1,0.474,0.918,27.9,5,5.2,5.7,1.1,0.3,3.2,9.2,19.5,4.4,4.8,$67
"Donovan Mitchell
CleSG",13,,35.2,0.468,0.859,27.6,3.6,4.3,4.8,1.4,0.3,2.8,9.7,20.8,4.6,5.3,$52
"LaMelo BallDTD
ChaPG",14,,35.4,0.422,0.857,22.4,3.4,7,8.4,1.6,0.4,3.6,8,18.9,3,3.5,$63
"LeBron James
LALSF",15,,35.8,0.509,0.756,28.9,2.4,8.2,6.8,1.1,0.7,3.4,11,21.6,4.5,5.9,$34
"Dejounte Murray
AtlPG",16,,36.2,0.463,0.854,20.9,2.1,5.6,6.3,1.6,0.3,2.2,8.2,17.8,2.3,2.7,$42
"Lauri Markkanen
UtahPF",17,,34.8,0.492,0.877,28,3.5,7.9,1.7,0.7,0.6,1.6,9.4,19,5.8,6.6,$38
"Jalen Brunson
NYPG",18,,35.6,0.502,0.843,24,2.3,4,6.5,0.9,0.1,2,8.7,17.3,4.4,5.2,$32
"Damian Lillard
PorPG",19,,33.4,0.451,0.913,27.8,3.7,4.2,6.8,0.8,0.3,2.9,8.4,18.7,7.2,7.9,$64
"Jordan Poole
WshSG",20,,35.6,0.462,0.889,28.6,4.1,3.5,5,0.9,0.3,3.3,9.4,20.4,5.7,6.4,$24
De'Aaron Fox (SAC - PG),21,,35.2,0.497,0.764,25.3,1.6,4.2,6.3,1.2,0.4,2.7,9.4,19,4.8,6.3,$18
"Pascal Siakam
TorPF",22,,37.3,0.481,0.773,23.4,1.2,8,5.5,1,0.6,2.5,8.7,18.1,4.8,6.2,$24
"Kevin Durant
PhxSF",23,,35.9,0.542,0.912,25.7,1.8,7,5.5,0.8,1.3,3.4,9.1,16.8,5.7,6.3,$53
"DeMar DeRozan
ChiSF",24,,35.9,0.503,0.874,25.2,0.6,4.7,5.3,1,0.4,2.1,9.1,18.1,6.4,7.3,$31
"Anthony Davis
LALPF",25,,34.1,0.548,0.766,24.7,0.4,11.3,2.8,1.1,2,2.1,9.4,17.2,5.5,7.2,$47
"Nikola Vucevic
ChiC",26,,33.4,0.5,0.818,18.4,1.6,11.1,3.3,0.8,0.8,1.8,7.6,15.3,1.6,1.9,$19
"Zion WilliamsonDTD
NOPF",27,,34.2,0.619,0.733,29.8,0.4,8.4,4.3,1.2,0.8,3.3,11.2,18.1,7,9.5,$7
"Kyrie Irving
DalPG",28,,35.4,0.491,0.911,26,3,4.7,5.4,1.2,0.7,2.1,9.5,19.4,3.9,4.3,$60
"Bam Adebayo
MiaC",29,,34.6,0.548,0.792,20.2,0,9.5,3.6,1.3,0.9,2.6,7.8,14.3,4.5,5.7,$30
"Paolo BancheroDTD
OrlPF",30,,35.1,0.443,0.75,24.6,1.7,8.1,4.5,1,0.8,2.9,8.1,18.4,6.7,8.9,$7
"Mikal Bridges
BknSF",31,,35.5,0.491,0.897,21.3,2,5.3,3.1,1.1,0.7,1.4,7.7,15.6,4,4.5,$54
"Jaylen Brown
BosSG",32,,35.9,0.485,0.762,26.1,2.6,6.7,3.5,1.1,0.4,2.9,9.8,20.3,3.8,5,$22
"Darius Garland
ClePG",33,,35.6,0.461,0.869,21.3,2.4,2.9,7.9,1.3,0.1,3.2,7.7,16.6,3.6,4.1,$27
"Julius RandleDTD
NYPF",34,,35.8,0.446,0.765,23.5,2.4,10,4.7,0.7,0.3,3.1,8.1,18.2,4.9,6.4,$15
"Victor Wembanyama
SAC",35,,32.7,0.489,0.779,19.9,0.9,9.5,2.5,0.7,2.4,2.5,7.4,15.1,4.2,5.4,$17
"Jaren Jackson Jr.DTD
MemPF",36,,32.6,0.468,0.8,20.6,1.9,7.4,1.2,1.2,3.1,2,7.2,15.3,4.4,5.5,$18
"Brandon IngramDTD
NOSF",37,,34.7,0.473,0.863,26,1.8,5.6,5.7,0.7,0.5,3,9.3,19.6,5.6,6.5,$14
"Karl-Anthony Towns
MinC",38,,33.3,0.51,0.843,21.8,1.9,9.3,4.2,0.8,0.9,3,7.7,15.1,4.5,5.3,$40
"Jimmy Butler
MiaSF",39,,33.5,0.517,0.857,22.3,0.5,6,5.6,1.8,0.4,1.8,7.3,14.1,7.2,8.4,$44
"James Harden
PhiSG",40,,34.2,0.433,0.87,20.1,2.4,6.3,9.8,1.1,0.5,3.5,6,13.9,5.7,6.5,$50
"Spencer Dinwiddie
BknSG",41,,36.7,0.436,0.81,18.3,2.4,3.8,7.8,0.9,0.3,1.9,6.1,14.1,3.6,4.5,$1
"Jrue Holiday
MilPG",42,,32.6,0.489,0.824,18.8,2.2,4.8,7,1.4,0.4,2.8,7.2,14.8,2.1,2.6,$25
"Josh Giddey
OKCPG",43,,34.3,0.476,0.73,17.7,1.1,8.6,6.8,0.8,0.4,3.1,7.6,15.9,1.5,2,$12
"Desmond Bane
MemSG",44,,34,0.472,0.886,21.2,3.2,5.2,3.9,1.1,0.4,2,7.7,16.3,2.7,3,$48
"Jamal Murray
DenPG",45,,34.7,0.457,0.836,21.1,2.8,4.2,6.3,1.1,0.3,2.3,7.7,16.8,2.9,3.5,$20
"Tyrese Maxey
PhiSG",46,,35.2,0.481,0.854,23.4,2.8,3.2,4,0.8,0.3,1.3,8.3,17.2,4,4.7,$15
"Paul GeorgeDTD
LACSF",47,,33.7,0.451,0.866,23.3,2.8,6.2,5.1,1.5,0.4,3.3,8.1,17.9,4.3,4.9,$31
"Scottie Barnes
TorPF",48,,34.9,0.461,0.766,17.1,0.9,7.3,5.2,1.1,0.8,2,6.5,14.2,3.1,4,$12
"Cade Cunningham
DetPG",49,,35.7,0.435,0.848,21.4,2.2,6.3,6.2,1.3,0.7,4,8.1,18.7,3,3.5,$26
"Kyle Kuzma
WshPF",50,,35.2,0.475,0.728,24.6,3.2,7.8,3.5,0.6,0.6,2.8,9.1,19.1,3.3,4.5,$3
"Fred VanVleet
HouPG",51,,32.9,0.394,0.892,17.4,2.9,3.7,6.1,1.6,0.5,1.9,5.8,14.6,3,3.4,$33
"Zach LaVine
ChiSG",52,,35.5,0.485,0.851,25,2.8,4.6,4.4,0.8,0.3,2.6,8.8,18.1,4.7,5.5,$23
"Kawhi LeonardDTD
LACSF",53,,34,0.512,0.878,24.3,2,6.5,4.5,1.5,0.5,1.8,8.8,17.1,4.8,5.5,$28
"CJ McCollumDTD
NOSG",54,,34.4,0.446,0.752,21.1,2.9,4.2,5.3,1,0.5,2.2,8,17.9,2.3,3,$4
"Kristaps PorzingisDTD
BosC",55,,31.5,0.485,0.853,22,2,8.4,2.5,0.8,1.5,1.9,7.5,15.5,5,5.8,$14
"Alperen Sengun
HouC",56,,31.2,0.545,0.715,15.7,0.3,9.6,4.1,1,1.1,2.8,6.2,11.4,3,4.2,$11
"Evan Mobley
ClePF",57,,34.3,0.545,0.672,15.9,0.3,8.9,2.8,0.8,1.5,1.9,6.5,12,2.6,3.8,$17
"Tre Jones
SAPG",58,,31.4,0.476,0.85,17.3,0.7,4,6.9,1.5,0.2,1.6,6.7,14,3.2,3.8,$2
"Walker Kessler
UtahC",59,,26.8,0.733,0.537,10.9,0,9.8,1.1,0.4,2.7,0.9,4.8,6.5,1.3,2.5,$4
"Jarrett Allen
CleC",60,,32.6,0.651,0.719,14.7,0,10.6,2,0.8,1.5,1.5,6,9.2,2.7,3.7,$9
"Myles Turner
IndC",61,,29.6,0.532,0.777,16,1.5,7.3,1.3,0.6,2.5,1.5,5.8,10.9,3,3.8,$9
"Austin Reaves
LALSG",62,,33.6,0.524,0.862,21,2.3,3.6,3.8,0.6,0.4,1.8,6.7,12.8,5.3,6.1,$6
Khris Middleton,63,,32.4,0.448,0.897,20,2.2,5.6,5.8,1.1,0.2,2.8,7,15.7,3.7,4.1,$7
"Bradley Beal
PhxSG",64,,32.8,0.495,0.852,24.1,2,4.1,4.4,0.9,0.5,2.9,8.9,18,4.3,5,$11
"Jalen Williams
OKCSG",65,,33.7,0.528,0.813,18.1,1.6,5,2.8,1.5,0.5,1.8,6.8,12.8,3,3.7,$13
"Jalen Green
HouSG",66,,35,0.417,0.787,26.1,3.1,3.8,3.7,0.8,0.2,2.6,8.7,20.9,5.6,7.1,$4
"Jakob Poeltl
TorC",67,,28.2,0.624,0.556,12.6,0,9.3,2.7,0.8,1.5,1.7,5.6,8.9,1.5,2.7,$4
"Russell Westbrook
LACPG",68,,30.6,0.439,0.661,16.9,1.1,6.8,7.6,1,0.4,3.6,6.3,14.4,3.1,4.7,
"D'Angelo Russell
LALPG",69,,32.5,0.447,0.822,18.3,2.8,3.1,6.5,1,0.4,2.6,6.4,14.3,2.7,3.3,$2
"Tyus Jones
WshPG",70,,31.5,0.441,0.816,13.1,1.8,3.4,6.7,1.4,0.1,1.1,5,11.4,1.2,1.5,$7
"Keldon Johnson
SASF",71,,34.2,0.459,0.749,21.7,2.4,7,2.9,0.8,0.2,1.8,7.9,17.2,3.6,4.8,
"Scoot HendersonDTD
PorPG",72,,30.9,0.435,0.769,18.6,1.1,4.7,6.8,1.4,0.4,3.5,6.7,15.4,4.1,5.3,$2
"Franz Wagner
OrlSF",73,,33.9,0.484,0.843,19,1.7,4.4,4.3,1,0.2,2.1,7,14.4,3.5,4.1,$13
"Chet Holmgren
OKCPF",74,,30.9,0.511,0.79,15.1,1.3,8.9,2.3,0.7,1.6,1.9,5.4,10.6,3,3.8,$3
"Clint Capela
AtlC",75,,26.8,0.644,0.582,12.1,0,11.3,0.9,0.7,1.3,0.8,5.4,8.4,1.2,2.1,$1
"Keegan Murray
SacPF",76,,33.4,0.465,0.772,17,3.3,6.6,1.4,0.9,0.6,0.8,6,12.9,1.7,2.2,$6
"Rudy Gobert
MinC",77,,29.5,0.677,0.659,11.5,0,12.1,1.1,0.7,1.7,1.7,4.1,6.1,3.2,4.9,$4
"Tobias Harris
PhiSF",78,,32.2,0.496,0.866,15.5,1.5,6,2.8,0.8,0.6,1.3,6.1,12.2,1.9,2.2,$7
"Andrew Wiggins
GSSF",79,,33.6,0.471,0.647,18.1,2.3,4.9,2.4,1.1,0.8,1.5,7,14.8,1.9,2.9,$1
"Jonas Valanciunas
NOC",80,,26.9,0.552,0.819,15.5,0.5,10.8,2,0.4,0.7,2.1,6.2,11.2,2.6,3.2,$2
"Anfernee Simons
PorSG",81,,35,0.444,0.885,20.5,3.5,2.9,4.1,0.7,0.2,2.1,7.3,16.4,2.4,2.7,$3
Nicolas Claxton,82,,28.1,0.713,0.546,9.3,0,8.6,1.4,0.8,2.3,1.2,4.1,5.8,1,1.9,$5
"Tyler Herro
MiaSG",83,,34.7,0.442,0.898,20.3,2.9,5.4,4.2,0.7,0.2,2.5,7.4,16.8,2.6,2.9,$8
"Jordan Clarkson
UtahSG",84,,33.5,0.433,0.826,21.1,2.9,4.3,3.9,0.8,0.2,2.6,7.7,17.7,2.9,3.5,
"John Collins
UtahPF",85,,32.2,0.52,0.804,15.6,1.2,7.4,1.5,0.6,1.1,1.2,6,11.5,2.4,3,$1
O.G. Anunoby,86,,35.5,0.467,0.809,16.7,2.2,5.2,2.1,1.8,0.7,1.9,6.3,13.4,2,2.5,$9
"Kevin Huerter
SacSG",87,,33.3,0.469,0.746,15.5,2.8,3.8,3.3,1.1,0.4,1.4,5.8,12.4,1.1,1.5,
"Bobby Portis
MilPF",88,,28.5,0.493,0.759,15.3,1.6,10,1.5,0.6,0.4,1.3,6.2,12.5,1.4,1.8,$1
"Buddy Hield
IndSG",89,,31.5,0.434,0.846,16.4,3.5,4.8,2.9,1,0.3,1.8,5.8,13.3,1.4,1.6,$4
"Jerami Grant
PorPF",90,,34.4,0.456,0.824,20.5,2.2,4.4,2.4,0.8,0.9,1.9,6.8,15,4.6,5.6,$5
"Brook Lopez
MilC",91,,28.2,0.522,0.797,14.4,1.6,5.9,1.1,0.5,2.1,1.2,5.5,10.6,1.8,2.2,$2
"Terry RozierDTD
ChaSG",92,,32.2,0.42,0.813,19.2,2.5,3.8,4.8,1.1,0.2,1.9,7.1,16.9,2.5,3.1,$8
"Marcus Smart
MemSG",93,,32.3,0.414,0.771,11.9,1.8,3.4,6.1,1.6,0.3,2.3,4.1,10,1.8,2.3,$3
"Wendell Carter Jr.
OrlC",94,,30.2,0.522,0.722,15.1,1.2,9.5,2.5,0.6,0.7,1.9,5.7,10.9,2.5,3.5,$1
"Cameron Johnson
BknSF",95,,27.6,0.467,0.843,12.4,2.3,4.3,1.8,1.1,0.3,0.8,4.3,9.3,1.4,1.7,$8
"Chris PaulDTD
GSPG",96,,27,0.466,0.846,12.2,1.2,3.6,7.9,1.4,0.3,1.8,4.5,9.7,2,2.4,$6
"Deandre Ayton
PhxC",97,,30.2,0.604,0.753,11.7,0.1,10.1,1.6,0.6,0.8,1.7,5.4,9,0.8,1,$12
"P.J. WashingtonDTD
ChaPF",98,,32,0.445,0.731,15.1,2,5,2.4,0.9,1.1,1.5,5.7,12.8,1.7,2.3,
"Daniel Gafford
WshC",99,,26.7,0.714,0.686,12.1,0,7.3,1.3,0.6,1.8,1.3,5,7,2.1,3.1,$4
"Jabari Smith Jr.
HouPF",100,,34.1,0.424,0.809,14.5,1.7,7.9,1.4,0.6,1,1.4,5.3,12.4,2.3,2.9,$1
"Ja MorantO
MemPG",101,,33.6,0.472,0.751,26.3,1.5,5.7,7.9,1.1,0.3,3.5,9.5,20.1,5.9,7.8,$1
"Mike Conley
MinPG",102,,29.6,0.433,0.828,13,2.2,2.9,6.2,1.2,0.2,1.6,4.4,10.1,2.1,2.5,
"Malcolm BrogdonDTD
BosPG",103,,28.8,0.469,0.868,16.7,2,4.5,4.5,0.7,0.3,1.7,6,12.7,2.8,3.2,
"T.J. McConnell
IndPG",104,,26,0.537,0.824,10.2,0.4,3.9,6.5,1.4,0.2,2.1,4.5,8.4,0.8,1,
"Jaden Ivey
DetPG",105,,32.9,0.434,0.76,17.9,1.8,4.1,5.5,0.9,0.2,3.4,6.1,14.1,3.9,5.1,
"Derrick White
BosPG",106,,28.7,0.444,0.87,12.8,1.8,3.5,4.2,0.7,0.9,1.3,4.4,9.9,2.3,2.6,$8
"Klay Thompson
GSSG",107,,31.5,0.435,0.887,21,4.1,4,2.4,0.6,0.4,1.6,7.7,17.6,1.6,1.8,$1
"Kevon Looney
GSC",108,,27.6,0.609,0.633,8,0,10,2.8,0.7,0.7,0.8,3.4,5.5,1.3,2,
"Draymond Green
GSPF",109,,30.8,0.516,0.705,8,0.5,6.3,7.1,1.2,0.9,2.9,3.2,6.2,1.1,1.6,$2
"Michael Porter Jr.
DenSF",110,,31.1,0.493,0.794,18.2,3,6.2,1.2,0.7,0.6,1.2,6.8,13.8,1.6,2,$2
"Mark WilliamsDTD
ChaC",111,,26.9,0.623,0.701,12.3,0,9.9,0.6,0.9,1.5,1.3,5,8.1,2.2,3.1,$4
"Aaron Gordon
DenPF",112,,30.4,0.539,0.648,15.4,1,6.2,2.8,0.7,0.7,1.6,5.9,11,2.5,3.9,
"Josh Hart
NYSG",113,,32.1,0.516,0.766,11.2,1.1,6.8,3.7,1.1,0.3,1.6,4,7.8,2.1,2.7,$1
"Onyeka Okongwu
AtlC",114,,24.5,0.651,0.775,10.5,0.1,7.6,1.1,0.7,1.4,1.1,4.2,6.5,2,2.6,$4
"Jusuf Nurkic
PorC",115,,26.9,0.525,0.67,13.8,0.6,9.7,2.9,0.9,0.8,2.3,5.2,10,2.7,4,
"Jonathan IsaacDTD
OrlPF",116,,23.9,0.415,0.554,10.6,1.2,8.5,1.2,1.4,0.8,0.8,4.2,10.2,0.9,1.7,
"Robert Williams III
BosC",117,,25.2,0.738,0.659,8.8,0,8.6,1.7,0.8,1.8,1,4,5.4,0.9,1.3,$1
"Devin Vassell
SASF",118,,29.9,0.441,0.807,15.4,2.4,4.3,2.7,1.1,0.5,1.1,5.7,13,1.6,2,$8
"Collin Sexton
UtahSG",119,,32.9,0.49,0.813,20.4,1.4,3,3.9,0.9,0.2,2.6,7.2,14.8,4.6,5.6,
"Caris LeVert
CleSG",120,,30.5,0.437,0.749,14.3,1.6,3.9,4.1,1,0.4,1.7,5.3,12.1,2.1,2.8,
"Brandon Miller
ChaSG",121,,31.6,0.435,0.848,15.4,1.7,6.8,2,1.1,0.7,2.3,5.1,11.7,3.5,4.1,
"Naz ReidDTD
MinC",122,,23.4,0.523,0.708,13.8,1.2,6,1.4,0.7,1.2,1.6,5.3,10.2,1.8,2.6,
"Ivica Zubac
LACC",123,,27.4,0.635,0.716,10.7,0,9.5,1.3,0.4,1.2,1.5,4.3,6.7,2.2,3.1,
"Trey Murphy IIIO
NOSG",124,,27.6,0.49,0.905,14.7,2.5,3.2,1.3,1,0.5,0.7,4.9,10.1,2.3,2.5,
"Royce O'Neale
BknSF",125,,34.8,0.395,0.74,9.5,2.3,5.6,3.9,1,0.7,1.6,3.2,8.2,0.7,1,
"Bojan Bogdanovic
DetPF",126,,31.5,0.47,0.875,19.7,2.5,4,2.2,0.6,0.1,2,6.6,14.1,3.9,4.5,$1
"Jalen Duren
DetC",127,,26.4,0.653,0.616,9.8,0,9.4,1.2,0.7,0.9,1.5,4.1,6.3,1.5,2.5,$1
"Markelle Fultz
OrlPG",128,,28.2,0.505,0.789,13.5,0.4,3.7,5.6,1.4,0.4,2.3,5.6,11.1,1.8,2.3,$5
"Christian Wood
LALC",129,,28.1,0.51,0.704,17.4,1.7,8.4,1.9,0.6,1,1.8,6.3,12.3,3.2,4.5,
"Amen ThompsonO
HouSG",130,,28.7,0.453,0.771,11.6,1,4.7,3.9,1.3,0.7,2.7,4.2,9.2,2.3,3,
"Jarred Vanderbilt
LALPF",131,,27.4,0.563,0.664,8.4,0.3,8.7,2.2,1.3,0.5,1.3,3.4,6.1,1.3,2,
"Kyle AndersonDTD
MinSF",132,,26.1,0.483,0.719,9.2,0.7,5.4,4,1.1,0.8,1.3,3.6,7.4,1.4,1.9,
"Kelly Oubre Jr.
ChaPF",133,,31.3,0.432,0.746,19.1,2.3,5,1.1,1.3,0.4,1.3,7,16.1,3,4,
"Jaden McDaniels
MinSF",134,,29.3,0.495,0.737,10.9,1.3,4.1,1.6,0.9,0.9,1.3,4.3,8.6,1.1,1.5,
"Mitchell Robinson
NYC",135,,26.5,0.702,0.487,7.8,0,9,0.7,0.9,1.8,0.8,3.4,4.8,1.1,2.2,
"Ben Simmons
BknPG",136,,29.6,0.565,0.5,8.6,0,7,6.8,1.5,0.6,2.6,3.8,6.7,1,2,
"Tari Eason
HouSF",137,,25.5,0.448,0.759,11,0.9,7.2,1.3,1.4,0.7,1.5,4.3,9.5,1.6,2.1,
"Cole Anthony
OrlPG",138,,27.9,0.422,0.874,14.1,1.5,5,4.5,0.6,0.4,2,4.9,11.6,2.8,3.2,
"Herbert Jones
NOPF",139,,29.6,0.486,0.791,10.1,0.9,4,2.4,1.6,0.7,1.3,3.6,7.5,1.9,2.4,
"De'Anthony Melton
PhiPG",140,,25.5,0.436,0.788,10.6,2,4.1,2.6,1.5,0.5,1.4,3.8,8.7,1,1.3,$1
"Dennis Schroder
TorPG",141,,32.8,0.424,0.854,14.6,1.3,3.2,5.2,0.9,0.2,2.2,5,11.7,3.3,3.9,
"Harrison Barnes
SacSF",142,,33.2,0.475,0.839,15.6,1.7,5.1,2,0.7,0.1,1.3,4.8,10.2,4.2,5,
"Miles BridgesO
ChaPF",143,,29.7,0.493,0.81,15.8,1.7,5.9,2.9,0.7,0.7,1.6,5.9,11.9,2.4,3,$1
"RJ Barrett
NYSF",144,,32.4,0.427,0.732,18.4,1.7,5.1,2.7,0.5,0.2,2.1,6.5,15.3,3.7,5,
"Immanuel QuickleyDTD
NYPG",145,,26,0.432,0.855,13.6,2,3.6,3.3,0.8,0.1,1.2,4.6,10.6,2.5,2.9,$1
"Saddiq Bey
AtlSF",146,,28.2,0.418,0.857,13.9,2.1,4.8,1.7,0.9,0.2,0.9,4.6,11.1,2.6,3,
"Kelly Olynyk
UtahC",147,,26.6,0.487,0.836,12,1.4,6,3.4,0.9,0.5,2.1,4,8.3,2.5,3,
"Mason Plumlee
LACC",148,,23.2,0.663,0.589,8.7,0,7.8,2.9,0.6,0.6,1.3,3.4,5.2,1.8,3.1,
"Norman Powell
LACSG",149,,28.7,0.474,0.82,17.7,2.1,3,1.9,0.9,0.3,1.7,5.9,12.5,3.8,4.6,
"Al Horford
BosC",150,,26.6,0.471,0.791,9.1,1.7,6,2.8,0.5,1,0.7,3.4,7.3,0.5,0.6,
"Gary Trent Jr.
TorSG",151,,27.9,0.424,0.841,14.7,2.3,2.3,1.4,1.3,0.2,0.8,5.2,12.3,2,2.4,
"Bennedict Mathurin
IndSF",152,,30.6,0.443,0.843,18.3,1.4,4.4,1.6,0.7,0.2,2.1,5.8,13.1,5.2,6.2,
"Dennis Smith Jr.DTD
BknPG",153,,20.9,0.412,0.736,7.1,0.3,2.5,3.9,1.1,0.4,1.3,2.8,6.8,1.2,1.6,
"Isaiah Stewart
DetC",154,,26.1,0.478,0.732,9.5,0.7,8,1.2,0.4,0.9,1.2,3.6,7.6,1.5,2.1,
"Malik Monk
SacSG",155,,24.1,0.455,0.867,13.4,2,2.9,3.4,0.7,0.3,1.7,4.7,10.4,1.9,2.2,
"Kentavious Caldwell-Pope
DenSG",156,,30.6,0.447,0.852,11.5,1.9,2.9,2.2,1.3,0.4,1.2,4,9,1.5,1.8,
"Luguentz Dort
OKCSG",157,,28.2,0.392,0.788,13.2,1.9,4,1.8,0.9,0.3,1.3,4.4,11.3,2.5,3.2,
"De'Andre Hunter
AtlSF",158,,32.3,0.46,0.824,15.5,1.5,4.3,1.4,0.6,0.3,1.3,5.7,12.4,2.6,3.2,
"Bogdan Bogdanovic
AtlSG",159,,26.5,0.446,0.838,13.5,2.6,3,2.7,0.8,0.3,1.1,4.9,10.9,1.2,1.4,
"Jalen Suggs
OrlPG",160,,25.4,0.41,0.729,10.7,1.3,3.3,3.3,1.3,0.5,2,3.8,9.3,1.8,2.5,
"Bruce Brown
IndSG",161,,24.2,0.496,0.76,9.5,0.8,4.1,2.5,1,0.6,1.1,3.7,7.5,1.3,1.7,$1
"Dillon Brooks
HouSG",162,,27.2,0.406,0.801,14.1,1.7,3,2.3,0.9,0.2,1.4,5.3,13.1,1.8,2.2,
"Patrick Williams
ChiPF",163,,29.4,0.47,0.815,10.3,1.3,4.3,1.3,0.9,0.8,1.3,3.9,8.3,1.2,1.5,
"Ausar Thompson
DetSF",164,,27.4,0.455,0.718,10.9,0.8,5.7,1.6,1.4,0.7,1.9,4.1,8.9,2,2.8,
"Brandon ClarkeO
MemPF",165,,20.5,0.627,0.699,10.3,0.1,5.6,1.4,0.7,0.8,0.8,4.3,6.9,1.6,2.3,
"Shaedon Sharpe
PorSG",166,,32.4,0.472,0.715,14.4,1.9,4.3,1.7,0.7,0.4,1.5,5.6,11.8,1.4,1.9,
"Max Strus
CleSG",167,,23.6,0.42,0.853,10,2.2,2.7,1.6,0.4,0.2,0.7,3.5,8.3,0.8,0.9,
"Kyle Lowry
MiaPG",168,,27.6,0.421,0.857,10.7,1.9,3.7,5.3,0.9,0.3,1.9,3.5,8.2,2,2.3,
"Donte DiVincenzo
NYSG",169,,26,0.415,0.814,9.5,2,4.6,3.3,1.3,0.2,1.6,3.3,7.9,1,1.2,
"Anthony Black
OrlSG",170,,27.6,0.433,0.718,9.7,0.9,4.1,4,0.9,0.4,2.8,3.4,7.9,2,2.8,
"Jeremy Sochan
SAPF",171,,26,0.453,0.702,11,0.6,5.3,2.5,0.8,0.4,1.7,4.5,9.9,1.5,2.1,
"Jalen McDaniels
TorPF",172,,22.1,0.46,0.821,8.7,0.9,4,1.5,0.9,0.4,1,3.2,7,1.3,1.6,
"Marvin Bagley III
DetPF",173,,25.6,0.516,0.694,12.9,0.6,7.2,0.9,0.5,0.6,1.1,5.2,10.1,1.9,2.7,
"Tim Hardaway Jr.
DalSG",174,,26.9,0.408,0.775,13.3,2.6,3.2,1.7,0.6,0.1,0.8,4.5,11.1,1.6,2.1,
"Delon Wright
WshSG",175,,22.9,0.466,0.849,6.7,0.8,3.4,3.4,1.6,0.3,0.8,2.5,5.3,1,1.2,
"Grayson Allen
MilSG",176,,27.1,0.441,0.896,10.7,2.2,3.3,2,0.8,0.2,0.9,3.6,8.1,1.4,1.6,
"Bol Bol
PhxC",177,,27.3,0.543,0.746,11.5,0.6,7.2,1.3,0.5,1.5,2,4.7,8.7,1.5,2,
"John Wall
HouPG",178,,23.3,0.406,0.703,12.6,1.1,2.7,5.4,0.8,0.4,2.5,4.5,11.1,2.5,3.6,
"Seth Curry
DalSG",179,,25.3,0.474,0.899,11.4,1.9,2.2,2.4,0.7,0.2,1.1,4.3,9,1,1.1,
"Reggie Jackson
DenPG",180,,25.1,0.406,0.867,11.8,1.6,2.6,3.6,0.7,0.1,1.7,4.5,11,1.2,1.4,
"Caleb Martin
MiaSG",181,,27.7,0.467,0.77,9.6,1.1,4.6,1.5,1,0.5,1.1,3.6,7.7,1.2,1.6,
"Kenyon Martin Jr.
LACSF",182,,25.4,0.555,0.674,11.1,0.8,4.9,1.4,0.5,0.5,1,4.4,7.9,1.6,2.3,
"T.J. Warren
PhxSF",183,,16.6,0.49,0.787,7.7,0.5,2.9,1,0.5,0.3,0.5,3.2,6.6,0.7,0.9,
"Joe Ingles
OrlSF",184,,24.3,0.441,0.837,8,2,3,3.6,0.7,0.1,1.3,2.8,6.3,0.5,0.6,
"Eric Bledsoe
PorPG",185,,27,0.419,0.727,10.8,1.3,3.4,4,1.1,0.3,1.9,3.9,9.3,1.8,2.4,
"Deni AvdijaDTD
WshSF",186,,25.5,0.433,0.734,8.6,0.9,5.8,2.4,0.8,0.4,1.3,3.1,7.2,1.4,1.9,
"Steven AdamsDTD
MemC",187,,25,0.58,0.448,7.2,0,9.8,2.5,0.8,0.8,1.5,3,5.2,1.2,2.6,
"Malik Beasley
MilSG",188,,24.9,0.398,0.809,12.4,2.9,3.2,1.5,0.7,0.1,0.9,4.4,11.1,0.7,0.9,
"James Wiseman
DetC",189,,25.6,0.549,0.689,13.3,0.2,7.7,0.9,0.2,0.9,1.6,5.6,10.2,1.9,2.8,
"Jae'Sean TateDTD
HouSF",190,,21.5,0.493,0.705,9.1,0.6,4.1,2.3,0.8,0.4,1.4,3.6,7.3,1.3,1.9,
"Zach CollinsDTD
SAC",191,,20.8,0.516,0.77,10.4,0.8,5.9,2.6,0.5,0.7,1.9,4,7.7,1.7,2.2,$1
"Chris Boucher
TorPF",192,,20.9,0.487,0.772,9.9,0.9,5.9,0.4,0.6,1,0.6,3.6,7.3,1.9,2.4,
"Jae Crowder
MilPF",193,,25.7,0.414,0.79,8.9,1.9,4.8,1.8,1.1,0.4,0.7,3.1,7.4,0.9,1.1,
"Bones Hyland
LACPG",194,,19.3,0.399,0.847,11.2,2,2.5,3,0.7,0.3,1.4,3.8,9.5,1.5,1.8,
"Lonnie Walker IV
BknSF",195,,23.2,0.441,0.847,11.7,1.6,2.1,1.3,0.5,0.3,0.9,4.2,9.6,1.6,1.9,
"Larry Nance Jr.
NOPF",196,,20.7,0.568,0.696,6.4,0.3,5.1,1.8,0.9,0.5,0.7,2.7,4.7,0.8,1.1,
"Cameron Payne
SAPG",197,,25.3,0.421,0.809,12.5,1.7,3.1,5.5,0.8,0.3,2,4.8,11.4,1.3,1.6,
"Jonathan Kuminga
GSPF",198,,23.6,0.521,0.663,11.7,0.9,4.1,1.9,0.7,0.5,1.6,4.5,8.6,1.8,2.7,
"Josh Richardson
MiaSG",199,,27.9,0.432,0.877,11.7,1.8,3.2,2.7,1.1,0.4,1.4,4.2,9.8,1.4,1.6,
"Gordon Hayward
ChaSF",200,,26.1,0.473,0.815,12.4,1,3.6,3.4,0.7,0.2,1.6,4.6,9.8,2.2,2.7,
"Alex Caruso
ChiPG",201,,28.4,0.435,0.773,7.2,1,3.6,3.7,1.7,0.7,1.4,2.5,5.7,1.2,1.5,
"Jalen Smith
IndPF",202,,17.8,0.484,0.76,8.9,0.8,5.6,0.8,0.3,0.8,0.9,3.3,6.9,1.4,1.9,
"Talen Horton-Tucker
UtahSG",203,,21.6,0.423,0.764,10.3,0.8,3.1,3.3,0.8,0.4,1.7,3.8,9,1.8,2.4,
"Killian Hayes
DetPG",204,,24.1,0.376,0.807,8,0.8,2.6,4.9,1.1,0.4,1.9,3.1,8.3,1,1.2,
"Eric Gordon
LACSG",205,,25.9,0.453,0.814,11.7,1.8,1.8,2.4,0.5,0.3,1.5,4,8.9,1.9,2.3,
"Marcus Morris Sr.
LACPF",206,,25.2,0.435,0.821,11.3,1.7,3.7,1.6,0.5,0.3,0.9,4.2,9.6,1.3,1.6,
"Aleksej PokusevskiDTD
OKCPF",207,,25.3,0.438,0.696,10.1,1.3,5.9,2.5,0.7,1.1,1.8,4,9.2,0.8,1.1,
"Coby White
ChiPG",208,,25.7,0.434,0.872,11.3,1.9,3.1,3.1,0.6,0.1,1.2,4.1,9.5,1.1,1.3,
"Luke KennardDTD
MemSG",209,,24,0.474,0.932,10.2,2.4,2.9,1.7,0.6,0.1,0.8,3.5,7.4,0.7,0.8,
"Jaylen Nowell
MinSG",210,,19.5,0.45,0.778,10.8,1.1,2.6,2.1,0.6,0.1,0.9,4.2,9.4,1.2,1.6,
"Cam Thomas
BknSG",211,,24.4,0.441,0.865,15.1,1.3,2.6,2,0.5,0.2,1.6,5.1,11.6,3.6,4.2,
"Andre Drummond
ChiC",212,,16.5,0.567,0.548,7.6,0,8.1,1.1,0.9,0.6,1.4,3.2,5.6,1.3,2.3,
"Will Barton
TorSF",213,,24.6,0.415,0.795,10.5,1.6,3.5,2.8,0.7,0.3,1.3,3.9,9.3,1.1,1.4,
"Chris Duarte
SacSG",214,,22.4,0.397,0.832,9.6,1.4,3,1.6,0.7,0.2,1.1,3.4,8.6,1.4,1.7,
"Nassir LittleDTD
PorSF",215,,25.2,0.45,0.739,9.3,1.3,4.4,1.2,0.5,0.6,0.9,3.4,7.5,1.2,1.6,
"Dorian Finney-SmithDTD
BknSF",216,,29.7,0.405,0.746,8.4,1.7,4.6,1.5,0.8,0.5,0.9,3,7.4,0.7,0.9,
"Kevin Love
MiaPF",217,,21.2,0.408,0.855,10.4,2,6.8,2,0.3,0.2,1.2,3.4,8.3,1.6,1.9,
"Alec BurksDTD
DetSG",218,,22.1,0.436,0.813,12.8,1.9,3.1,2.2,0.7,0.2,1.1,3.9,9,3,3.7,
"Mo Bamba
PhiC",219,,18,0.48,0.703,7.6,1.1,5.6,0.9,0.3,1.1,0.8,2.9,6,0.8,1.1,
"Kenrich WilliamsDTD
OKCSF",220,,22.3,0.504,0.492,7.9,0.9,4.6,2.1,0.9,0.2,0.8,3.3,6.5,0.4,0.9,
"Patrick Beverley
PhiPG",221,,24.1,0.403,0.729,6.7,1.2,3.5,3.1,0.9,0.7,0.9,2.3,5.6,0.9,1.3,
"Thomas Bryant
MiaC",222,,18.3,0.607,0.754,9.5,0.4,5.4,0.6,0.3,0.6,0.7,3.8,6.2,1.5,2,
"DeMarcus Cousins
DenC",223,,0,0.449,0.752,0,0,0,0,0,0,0,0,0,0,0,
"Jose AlvaradoDTD
NOPG",224,,20.7,0.415,0.798,8.7,1.3,2.3,3,1.1,0.2,1.2,3.2,7.7,1,1.3,
"Obi Toppin
IndPF",225,,24.4,0.48,0.77,11.8,1.5,4.7,1.5,0.5,0.4,1,4.5,9.4,1.2,1.6,
"Bismack Biyombo
PhxC",226,,15.4,0.583,0.425,4.8,0,4.5,0.9,0.3,1.2,0.9,2.1,3.6,0.6,1.4,
"Isaiah Jackson
IndPF",227,,16.4,0.562,0.656,7.5,0.1,4.4,0.7,0.5,1.5,0.9,2.9,5.2,1.6,2.4,
"Santi Aldama
MemPF",228,,20.3,0.464,0.738,8.3,1.1,4.5,1.2,0.5,0.6,0.7,3,6.4,1.3,1.7,
"Trendon Watford
PorPF",229,,18.9,0.554,0.73,7.5,0.4,3.9,2,0.5,0.3,1.1,2.9,5.3,1.2,1.7,
"Monte Morris
DetPG",230,,20.7,0.481,0.838,8.2,1,2.3,3.5,0.5,0.2,0.7,3.2,6.7,0.8,0.9,
"Pat Connaughton
MilSG",231,,24.3,0.421,0.74,8.2,1.9,4.5,1.2,0.7,0.2,0.5,2.9,6.9,0.5,0.7,
"Torrey Craig
ChiSF",232,,22.5,0.458,0.727,7,1.1,4.8,1.3,0.6,0.7,0.9,2.7,5.9,0.4,0.6,
"Ayo Dosunmu
ChiSG",233,,26.6,0.501,0.772,8.7,0.8,2.8,2.8,0.8,0.3,1.3,3.6,7.1,0.8,1,
"Xavier Tillman
MemPF",234,,17.5,0.568,0.582,6.4,0.2,4.4,1.4,0.9,0.4,0.7,2.7,4.8,0.8,1.3,
"Davion Mitchell
SacPG",235,,20.9,0.435,0.717,7.3,1,1.6,2.9,0.6,0.2,1,3,6.8,0.4,0.6,
"Darius Bazley
BknSF",236,,17.4,0.439,0.587,6.5,0.6,3.9,1,0.6,0.8,0.8,2.4,5.5,1.1,1.8,
"Patty Mills
AtlPG",237,,12.7,0.412,0.829,5.4,1.1,0.9,1.2,0.3,0.1,0.6,1.9,4.6,0.5,0.6,
"Justin Holiday
DenSG",238,,18.7,0.393,0.778,6.3,1.5,1.8,1.1,0.5,0.4,0.6,2.2,5.7,0.4,0.5,
"Terance Mann
LACSF",239,,24.3,0.52,0.776,9.2,1,3.6,2.4,0.5,0.3,1,3.5,6.8,1.2,1.5,
"Rui Hachimura
LALPF",240,,27.2,0.486,0.737,13.1,1,5.2,1.1,0.4,0.4,1,5.3,10.8,1.6,2.2,
"Otto Porter Jr.DTD
TorSF",241,,21.5,0.462,0.851,8,1.2,5.2,1.5,1.1,0.3,0.6,3,6.4,0.9,1.1,
"Davis Bertans
OKCPF",242,,14.6,0.399,0.875,6,1.6,1.8,0.6,0.3,0.2,0.3,1.9,4.8,0.6,0.7,
"Precious Achiuwa
TorPF",243,,21.5,0.47,0.669,9.1,0.6,6.1,1,0.5,0.5,1.1,3.5,7.5,1.4,2.1,
"Omer Yurtseven
UtahC",244,,12,0.538,0.657,5.1,0.1,4.7,0.7,0.3,0.3,0.7,2.2,4.1,0.7,1,
"Isaiah Hartenstein
NYC",245,,18.6,0.567,0.674,5.9,0.1,5.8,1.6,0.6,0.9,0.9,2.5,4.4,0.8,1.2,
"Nicolas Batum
LACSF",246,,24.2,0.441,0.712,7.2,1.7,4.2,1.7,0.8,0.6,0.7,2.5,5.7,0.5,0.7,
"Aaron Nesmith
IndSF",247,,19.1,0.422,0.833,7.6,1.2,2.9,1,0.6,0.3,0.8,2.6,6.2,1.2,1.4,
"Robert Covington
LACPF",248,,22,0.425,0.79,7.1,1.5,4.6,1.3,1.1,0.9,0.8,2.5,5.8,0.7,0.9,
"Quentin Grimes
NYSG",249,,27.5,0.458,0.787,10.3,2.1,3,1.9,0.7,0.3,0.9,3.6,7.9,0.9,1.2,
"Jeremy Lamb
SacSG",250,,13.7,0.4,0.873,6.1,0.8,2.3,1.1,0.5,0.3,0.5,2,5,1.3,1.5,
"Gabe Vincent
LALPG",251,,23.7,0.405,0.851,8.7,1.6,1.9,2.5,0.9,0.1,1.3,3.1,7.7,0.9,1,
"Kemba Walker
DalPG",252,,25.3,0.364,0.667,12,2,3,4,1,0,1,4,11,2,3,
"Derrick Favors
AtlC",253,,16.3,0.546,0.694,5.3,0,5,0.6,0.4,0.5,0.3,2.4,4.3,0.6,0.8,
"Hamidou DialloDTD
DetSG",254,,19.8,0.529,0.613,10,0.2,4.1,1.2,1,0.3,1.2,4.1,7.7,1.7,2.7,
"Moses Moody
GSSG",255,,20,0.465,0.714,7.5,1.2,2.6,1.1,0.4,0.2,0.7,2.7,5.7,0.9,1.3,
"Isaac Okoro
CleSF",256,,25.4,0.476,0.752,7.6,0.8,2.7,1.4,0.8,0.4,0.7,2.7,5.7,1.4,1.8,
"TyTy Washington Jr.
OKCPG",257,,14,0.362,0.56,4.7,0.6,1.5,1.5,0.5,0.1,0.5,1.9,5.2,0.3,0.6,
"Richaun Holmes
DalC",258,,19.4,0.643,0.791,8.6,0.1,5.3,0.9,0.3,0.8,0.9,3.6,5.6,1.3,1.6,
"Gradey Dick
TorSG",259,,--,--,--,--,--,--,--,--,--,--,--,--,--,--,
"Jordan Hawkins
NOSG",260,,--,--,--,--,--,--,--,--,--,--,--,--,--,--,
"Kevin Porter Jr.DTD
HouSG",261,,26,0.433,0.744,13.9,1.9,3.8,4.6,1,0.2,2.5,4.8,11.2,2.3,3.1,
"Cam Reddish
LALSF",262,,23.6,0.421,0.863,10,1.2,2.4,1.3,1,0.3,1.2,3.5,8.2,1.8,2.1,
"Devonte' Graham
SAPG",263,,23,0.371,0.799,9.7,2.1,2,3.5,0.7,0.2,1,3,8.2,1.5,1.9,
"Tristan Thompson
ClePF",264,,15.6,0.525,0.533,6,0,5,0.6,0.4,0.4,0.8,2.5,4.7,1.1,2,
"Reggie Bullock
SASF",265,,31.6,0.417,0.862,10.3,2.5,3.9,1.5,0.7,0.2,0.7,3.6,8.6,0.7,0.8,
"Daniel Theis
IndC",266,,15.3,0.521,0.638,6.1,0.5,3.5,0.9,0.3,0.5,0.7,2.4,4.7,0.8,1.2,
"Tomas Satoransky
WshPG",267,,18.6,0.438,0.786,4.9,0.4,2.3,3.8,0.6,0.1,1.1,1.8,4.2,0.9,1.1,
"John Konchar
MemSG",268,,25.1,0.459,0.695,6.4,1,5.6,1.8,1.2,0.4,0.6,2.4,5.3,0.6,0.8,
"Shake Milton
MinPG",269,,23.4,0.505,0.876,9.9,0.8,2.8,3.6,0.4,0.2,1.4,3.8,7.5,1.5,1.7,
"Doug McDermott
SASF",270,,22,0.474,0.767,11,1.9,2.4,1.4,0.2,0.1,0.9,4.1,8.7,0.8,1.1,
"Maxi Kleber
DalPF",271,,24.9,0.429,0.714,6.4,1.2,4.6,1.3,0.4,0.9,0.8,2.2,5.1,0.8,1.1,
"Gary Harris
OrlSG",272,,25.3,0.435,0.873,9.1,1.8,1.9,1.5,0.9,0.2,0.7,3.2,7.3,1,1.1,
"Joe Harris
DetSG",273,,24.8,0.5,0.773,11,2.4,2.9,1.4,0.5,0.2,0.7,4,8.1,0.5,0.7,
"Cory Joseph
GSPG",274,,21.8,0.439,0.83,7.4,1,2.1,3.5,0.6,0.2,1.1,2.6,6,1.2,1.4,
"Jeremiah Robinson-Earl
OKCPF",275,,22.7,0.432,0.8,7.9,1.1,5.3,1.1,0.6,0.3,0.6,2.9,6.8,1,1.2,
"Dwight Powell
DalC",276,,23.9,0.695,0.718,8.8,0.1,5.3,1.2,0.7,0.5,1,3.3,4.8,2,2.8,
"Saben Lee
PhxPG",277,,15.7,0.413,0.745,5.8,0.4,2,3,0.8,0.2,1,1.9,4.7,1.6,2.1,
"Taurean Prince
LALSF",278,,17.9,0.453,0.824,7.5,1.2,2.3,1.2,0.5,0.3,1,2.7,5.9,1,1.2,
"Ziaire Williams
MemSG",279,,14.7,0.433,0.775,5.5,0.7,1.9,0.9,0.4,0.1,0.8,2.2,5,0.5,0.6,
"Cedi Osman
SASF",280,,21.4,0.434,0.692,9.5,1.6,2.4,1.8,0.6,0.1,0.9,3.4,7.8,1.1,1.6,
"Terrence Ross
PhxSG",281,,22.6,0.417,0.854,9.6,1.5,2.6,1.7,0.6,0.2,0.9,3.5,8.5,1.1,1.3,
"Landry Shamet
WshSG",282,,20.9,0.389,0.854,8.6,1.9,1.8,1.9,0.5,0.1,0.8,2.8,7.3,1,1.2,
"Moritz Wagner
OrlC",283,,17.8,0.495,0.83,9.7,0.9,4.1,1.4,0.5,0.2,1.1,3.3,6.6,2.2,2.7,
"Malachi Flynn
TorPG",284,,14.6,0.384,0.7,5.2,0.8,1.8,2,0.6,0.1,0.5,2,5.1,0.5,0.7,
"Elfrid Payton
PhxPG",285,,15.9,0.415,0.578,5.8,0.2,2.4,2.5,0.6,0.1,1.2,2.5,6,0.6,1,
"Willy Hernangomez
NOC",286,,13.8,0.528,0.776,7.9,0.1,5.4,1,0.5,0.4,1.2,2.7,5.1,2.4,3.1,
"Nickeil Alexander-Walker
MinSG",287,,18.3,0.406,0.707,8.2,1.3,2.3,2.1,0.7,0.4,1.2,3,7.4,0.9,1.3,
"Malaki Branham
SASG",288,,27.4,0.441,0.831,11.9,1.4,3.2,2.2,0.6,0.1,1.3,4.8,10.8,1,1.2,
"Damion Lee
PhxSF",289,,20.1,0.444,0.896,7.7,1.3,3.1,1.2,0.5,0.1,0.9,2.6,5.9,1.2,1.3,
"DeAndre Jordan
DenC",290,,15.7,0.73,0.491,5.3,0,5.7,0.9,0.3,0.7,1.1,2.3,3.2,0.6,1.2,
"David Nwaba
OKCSG",291,,15.5,0.484,0.706,6.1,0.4,3.4,0.8,0.7,0.5,0.5,2.3,4.7,1.2,1.7,
"Thaddeus Young
TorPF",292,,16.9,0.54,0.6,6.3,0.2,3.9,2.1,1,0.3,1.1,2.8,5.2,0.5,0.8,
"Georges Niang
ClePF",293,,19.9,0.441,0.891,8.3,1.9,2.5,1.1,0.4,0.2,0.7,2.9,6.6,0.5,0.6,
"JaMychal Green
GSPF",294,,15.5,0.506,0.824,6.7,0.7,4,0.9,0.5,0.4,0.9,2.5,4.9,1,1.2,
"Josh Jackson
TorSF",295,,19.6,0.411,0.716,9.1,0.9,3.3,1.5,0.6,0.6,1.4,3.3,8,1.7,2.3,
"Terence Davis
SacSG",296,,14.7,0.423,0.813,7.6,1.5,2.4,1.1,0.7,0.2,0.9,2.8,6.5,0.7,0.8,
"Matisse Thybulle
PorSF",297,,24.1,0.457,0.711,5.5,0.9,2.5,1.1,1.7,0.9,0.5,2.1,4.7,0.4,0.5,
"Jeff Green
HouPF",298,,20.5,0.502,0.779,8.3,0.6,2.6,1.2,0.3,0.3,0.8,3,6,1.7,2.2,
"Victor OladipoDTD
OKCSG",299,,27,0.404,0.746,12.3,1.8,3.3,3.7,1.3,0.3,2.1,4.4,10.8,1.7,2.3,
"Justise WinslowDTD
PorSF",300,,21.6,0.408,0.634,6.4,0.4,4.7,2.5,0.9,0.5,1.3,2.6,6.4,0.8,1.2,
"Dwight Howard
LALC",301,,0,0.602,0.624,0,0,0,0,0,0,0,0,0,0,0,
"Nerlens Noel
SacC",302,,19.2,0.525,0.7,3.6,0,4.9,0.7,1.1,1.4,0.9,1.4,2.7,0.7,1,
"George Hill
IndPG",303,,15.7,0.455,0.821,4.5,0.6,1.7,1.8,0.5,0.1,0.6,1.5,3.4,0.7,0.9,
"Trayce Jackson-Davis
GSPF",304,,--,--,--,--,--,--,--,--,--,--,--,--,--,--,
"Jordan McLaughlin
MinPG",305,,15.7,0.424,0.788,3.9,0.5,1.6,3.3,0.8,0.1,0.7,1.5,3.5,0.4,0.5,
"Dario Saric
GSPF",306,,15.7,0.452,0.843,7.4,0.8,3.7,1.3,0.5,0.1,1,2.6,5.8,1.3,1.6,
"Chuma Okeke
OrlPF",307,,19.2,0.376,0.759,4.9,1,3.6,1.4,0.7,0.4,0.6,1.7,4.5,0.6,0.8,
"Cody MartinDTD
ChaSF",308,,24.1,0.442,0.652,6.6,0.7,4,2.2,1,0.3,0.7,2.6,5.8,0.8,1.3,
"Goran Dragic
MilPG",309,,18.1,0.419,0.764,7.7,1,1.9,3.1,0.4,0.1,1.4,2.8,6.8,0.9,1.2,
"Dyson Daniels
NOPG",310,,20.7,0.429,0.65,4.6,0.5,3.7,2.7,0.9,0.2,1.1,1.8,4.1,0.5,0.8,
"Mike Muscala
WshC",311,,15.1,0.45,0.803,6.9,1.4,3.2,0.7,0.3,0.4,0.4,2.3,5.2,0.8,1,
"Evan Fournier
NYSG",312,,21.7,0.386,0.789,9.3,1.9,2.2,1.8,0.8,0.2,1,3.2,8.4,1,1.2,
"D.J. Wilson
TorPF",313,,12.7,0.45,0.714,5.6,0.7,3.4,0.8,0.5,0.4,0.6,2.1,4.6,0.8,1.1,
"Kendrick Nunn
WshSG",314,,17.1,0.444,0.872,8.7,1.3,1.9,1.6,0.5,0.1,1,3.4,7.6,0.6,0.7,
"Usman Garuba
GSPF",315,,12.6,0.478,0.611,2.9,0.3,4,0.8,0.6,0.4,0.6,1.1,2.3,0.4,0.6,
"Edmond Sumner
BknSG",316,,14.5,0.46,0.919,7.4,0.6,1.6,1.3,0.6,0.2,1,2.4,5.3,1.9,2.1,
"Oshae Brissett
BosPF",317,,25.6,0.391,0.729,9.5,1.2,5.1,1,0.8,0.3,0.8,2.9,7.5,2.5,3.4,
"R.J. Hampton
DetPG",318,,18.1,0.407,0.705,6.8,0.9,2.3,1.6,0.6,0.2,1.1,2.4,5.8,1.2,1.7,
"Jaxson Hayes
LALC",319,,14.4,0.575,0.722,5.8,0.1,3.2,0.7,0.4,0.5,0.7,2.2,3.8,1.4,1.9,
"Kira Lewis Jr.
NOPG",320,,12.7,0.414,0.855,5.4,0.6,1.4,1.6,0.5,0.1,0.6,2,4.9,0.7,0.8,
"Maurice Harkless
HouSF",321,,19.2,0.444,0.731,4.9,0.7,2.4,0.7,0.7,0.5,0.7,1.8,4.1,0.6,0.8,
"P.J. Tucker
PhiPF",322,,26.3,0.446,0.771,4.8,0.9,4.4,1.2,0.6,0.2,0.7,1.8,4,0.4,0.5,
"Dewayne Dedmon
PhiC",323,,13.5,0.547,0.714,5.8,0.3,4.7,0.7,0.3,0.6,0.8,2.2,4.1,1,1.4,
"Rudy Gay
OKCPF",324,,14,0.402,0.817,5.9,0.8,3,0.9,0.4,0.3,0.6,2.1,5.3,0.8,1,
"Derrick Rose
MemPG",325,,18.9,0.433,0.904,9.6,1,2.2,2.9,0.6,0.3,1.2,3.8,8.7,1.1,1.2,
"Austin Rivers
MinSG",326,,20.9,0.426,0.75,5.5,1,1.7,1.5,0.7,0.1,0.6,2,4.7,0.5,0.7,
"Josh Christopher
MemSG",327,,12.5,0.458,0.74,5.7,0.4,1.4,1.3,0.6,0.2,1,2.3,5,0.7,1,
"Duncan Robinson
MiaSG",328,,24.3,0.401,0.862,10,2.6,2.5,1.5,0.5,0.1,0.8,3.3,8.3,0.8,0.9,
"Nikola Jovic
MiaSF",329,,18.5,0.417,0.95,7.7,0.9,2.8,0.9,0.6,0.2,0.9,2.6,6.3,1.6,1.7,
"James Bouknight
ChaSG",330,,18.7,0.355,0.727,7.4,1.2,2.7,1.5,0.5,0.2,1.1,2.6,7.4,0.9,1.3,
"JaVale McGee
SacC",331,,12.5,0.612,0.654,6.9,0.1,4.7,0.5,0.2,0.9,1.1,2.9,4.8,1,1.5,
"Johnny DavisDTD
WshSG",332,,18,0.398,0.613,7.3,0.8,2.8,1.2,0.4,0.3,0.7,2.9,7.3,0.7,1.1,
"Gorgui Dieng
SAC",333,,10.2,0.417,0.733,3.7,0.7,3.1,1.3,0.2,0.4,0.8,1.3,3.2,0.4,0.5,
"Isaiah Roby
NYPF",334,,14.4,0.471,0.593,6,0.6,3.3,1.1,0.5,0.4,0.8,2.3,4.8,0.9,1.5,
"Damian Jones
CleC",335,,14.3,0.657,0.722,5.3,0.2,3.5,0.7,0.3,0.7,0.8,2,3.1,1,1.4,
"Aaron Holiday
HouPG",336,,13.9,0.417,0.833,4.3,0.6,1.2,1.5,0.6,0.2,0.6,1.6,3.8,0.5,0.6,
"Serge Ibaka
IndC",337,,14.3,0.5,0.718,6,0.6,3.9,0.8,0.2,0.6,0.7,2.4,4.9,0.6,0.8,
"Danuel House Jr.
PhiSF",338,,16.4,0.439,0.738,5.5,0.8,2.1,1,0.3,0.3,0.6,1.9,4.3,0.9,1.2,
"Raul Neto
ClePG",339,,15.8,0.477,0.833,5.8,0.5,1.6,2.3,0.6,0.1,0.8,2.2,4.6,0.9,1.1,
"Garrison Mathews
AtlSG",340,,19.6,0.401,0.817,7.3,1.6,2,0.7,0.6,0.2,0.4,2,5.1,1.6,2,
"Juan Toscano-Anderson
UtahPF",341,,14.7,0.489,0.659,3.8,0.3,2.7,1.7,0.5,0.3,0.8,1.5,3.1,0.5,0.7,
"James Johnson
IndPF",342,,16.7,0.458,0.563,5.1,0.4,3,1.7,0.5,0.5,0.7,2.1,4.6,0.5,0.9,
"Joshua Primo
SASG",343,,29.1,0.385,0.795,9.4,1,4,5.6,0.3,0.6,3.4,3.1,8,2.2,2.8,
"Ish Smith
DenPG",344,,14,0.42,0.6,4.5,0.2,1.9,3.1,0.5,0.3,1.1,2.1,4.9,0.2,0.3,
"Frank Kaminsky
HouC",345,,0,0.495,0.784,0,0,0,0,0,0,0,0,0,0,0,
"Furkan Korkmaz
PhiSG",346,,16,0.401,0.763,6.3,1,1.9,1.3,0.5,0.1,0.7,2.2,5.5,0.9,1.2,
"Khem Birch
SAC",347,,--,--,--,--,--,--,--,--,--,--,--,--,--,--,
"Bryn Forbes
MinSG",348,,11.7,0.361,1,3.9,0.6,0.7,0.7,0.3,0.1,0.5,1.3,3.6,0.7,0.7,
"Robin Lopez
MilC",349,,--,--,--,--,--,--,--,--,--,--,--,--,--,--,
"Garrett Temple
NOSG",350,,11.2,0.386,0.696,3.2,0.6,1.3,0.8,0.5,0.2,0.4,1.2,3,0.3,0.4,
"Dereck Lively II
DalC",351,,--,--,--,--,--,--,--,--,--,--,--,--,--,--,
"James Nnaji
ChaC",352,,--,--,--,--,--,--,--,--,--,--,--,--,--,--,
"Jarace WalkerDTD
IndPF",353,,--,--,--,--,--,--,--,--,--,--,--,--,--,--,
"Taylor Hendricks
UtahPF",354,,--,--,--,--,--,--,--,--,--,--,--,--,--,--,
"Noah Clowney
BknPF",355,,--,--,--,--,--,--,--,--,--,--,--,--,--,--,
"Kris Murray
PorPF",356,,--,--,--,--,--,--,--,--,--,--,--,--,--,--,
"Olivier-Maxence Prosper
DalPF",357,,--,--,--,--,--,--,--,--,--,--,--,--,--,--,
"Kobe BrownDTD
LACPF",358,,--,--,--,--,--,--,--,--,--,--,--,--,--,--,
"Mouhamed Gueye
AtlPF",359,,--,--,--,--,--,--,--,--,--,--,--,--,--,--,
"Tristan Vukcevic
WshPF",360,,--,--,--,--,--,--,--,--,--,--,--,--,--,--,
"Gregory Jackson II
MemPF",361,,--,--,--,--,--,--,--,--,--,--,--,--,--,--,
"Jalen Wilson
BknPF",362,,--,--,--,--,--,--,--,--,--,--,--,--,--,--,
"Toumani Camara
PhxPF",363,,--,--,--,--,--,--,--,--,--,--,--,--,--,--,
"Jalen Slawson
SacPF",364,,--,--,--,--,--,--,--,--,--,--,--,--,--,--,
"Tarik Biberovic
MemPF",365,,--,--,--,--,--,--,--,--,--,--,--,--,--,--,
"Cason Wallace
OKCPG",366,,--,--,--,--,--,--,--,--,--,--,--,--,--,--,
"Kobe Bufkin
AtlPG",367,,--,--,--,--,--,--,--,--,--,--,--,--,--,--,
"Jalen Hood-SchifinoDTD
LALPG",368,,--,--,--,--,--,--,--,--,--,--,--,--,--,--,
"Marcus Sasser
DetPG",369,,--,--,--,--,--,--,--,--,--,--,--,--,--,--,
"Nick Smith Jr.DTD
ChaPG",370,,--,--,--,--,--,--,--,--,--,--,--,--,--,--,
"Isaiah Wong
IndPG",371,,--,--,--,--,--,--,--,--,--,--,--,--,--,--,
"Bilal Coulibaly
WshSF, SG",372,,--,--,--,--,--,--,--,--,--,--,--,--,--,--,
"Jett Howard
OrlSF",373,,--,--,--,--,--,--,--,--,--,--,--,--,--,--,
"Cam Whitmore
HouSF",374,,--,--,--,--,--,--,--,--,--,--,--,--,--,--,
"Brice SensabaughDTD
UtahSF",375,,--,--,--,--,--,--,--,--,--,--,--,--,--,--,
"Leonard Miller
MinSF, PF",376,,--,--,--,--,--,--,--,--,--,--,--,--,--,--,
"Julian Phillips
ChiSF",377,,--,--,--,--,--,--,--,--,--,--,--,--,--,--,
"Hunter Tyson
DenSF",378,,--,--,--,--,--,--,--,--,--,--,--,--,--,--,
"Jordan Walsh
BosSF",379,,--,--,--,--,--,--,--,--,--,--,--,--,--,--,
"Maxwell Lewis
LALSF",380,,--,--,--,--,--,--,--,--,--,--,--,--,--,--,
"Jordan Miller
LACSF",381,,--,--,--,--,--,--,--,--,--,--,--,--,--,--,
"Emoni Bates
CleSF",382,,--,--,--,--,--,--,--,--,--,--,--,--,--,--,
"Keyontae Johnson
OKCSF",383,,--,--,--,--,--,--,--,--,--,--,--,--,--,--,
"Chris Livingston
MilSF",384,,--,--,--,--,--,--,--,--,--,--,--,--,--,--,
"Keyonte George
UtahSG",385,,--,--,--,--,--,--,--,--,--,--,--,--,--,--,
"Brandin Podziemski
GSSG",386,,--,--,--,--,--,--,--,--,--,--,--,--,--,--,
"Dariq WhiteheadDTD
BknSG",387,,--,--,--,--,--,--,--,--,--,--,--,--,--,--,
"Ben Sheppard
IndSG",388,,--,--,--,--,--,--,--,--,--,--,--,--,--,--,
"Julian Strawther
DenSG",389,,--,--,--,--,--,--,--,--,--,--,--,--,--,--,
"Jalen Pickett
DenSG",390,,--,--,--,--,--,--,--,--,--,--,--,--,--,--,
"Colby Jones
SacSG, SF",391,,--,--,--,--,--,--,--,--,--,--,--,--,--,--,
"Amari Bailey
ChaSG",392,,--,--,--,--,--,--,--,--,--,--,--,--,--,--,
"Rayan Rupert
PorSG",393,,--,--,--,--,--,--,--,--,--,--,--,--,--,--,
"Sidy Cissoko
SASG",394,,--,--,--,--,--,--,--,--,--,--,--,--,--,--,
"Seth Lundy
AtlSG",395,,--,--,--,--,--,--,--,--,--,--,--,--,--,--,
"Mojave King
IndSG",396,,--,--,--,--,--,--,--,--,--,--,--,--,--,--,
"Jaylen ClarkO
MinSG",397,,--,--,--,--,--,--,--,--,--,--,--,--,--,--,
"Jaime Jaquez Jr.DTD
MiaSF",398,,--,--,--,--,--,--,--,--,--,--,--,--,--,--,
"Andre Jackson Jr.
MilSG",399,,--,--,--,--,--,--,--,--,--,--,--,--,--,--,
"Ricky RubioDTD
ClePG",400,,19.6,0.364,0.855,7.1,0.9,2.6,4.4,1,0.1,1.4,2.4,6.7,1.4,1.6,
"Montrezl HarrellO
PhiC",401,,15.8,0.623,0.707,8.2,0,3.9,1.1,0.3,0.5,0.8,3.2,5.1,1.8,2.6,
"Hassan Whiteside
UtahC",402,,17.3,0.627,0.6,8.2,0,7.2,0.4,0.3,1.5,0.9,3.3,5.3,1.5,2.5,
"Lonzo BallO
ChiPG",403,,30.8,0.418,0.75,12.6,2.9,4.7,5,1.6,0.7,2.1,4.5,10.8,0.7,0.9,
"Nemanja Bjelica
GSC",404,,16.1,0.464,0.734,6.2,0.7,4,2.2,0.5,0.3,1.2,2.3,4.9,0.9,1.2,
"Lou Williams
AtlSG",405,,0,0.4,0.863,0,0,0,0,0,0,0,0,0,0,0,
"Rajon Rondo
ClePG",406,,0,0.407,0.783,0,0,0,0,0,0,0,0,0,0,0,
"Enes Freedom
BosC",407,,8.5,0.574,0.789,3.4,0,3.7,0.3,0.1,0.3,0.4,1.4,2.5,0.6,0.7,
"D.J. Augustin
HouPG",408,,17.3,0.407,0.893,6.2,1.3,1.4,2.4,0.4,0,1.1,1.9,4.7,1,1.1,
"Eric Paschall
MinPF",409,,13.9,0.487,0.744,6.7,0.6,2.2,0.8,0.2,0.1,0.6,2.4,4.9,1.3,1.7,
"Carmelo Anthony
LALPF",410,,--,--,--,--,--,--,--,--,--,--,--,--,--,--,
"LaMarcus Aldridge
BknPF",411,,--,--,--,--,--,--,--,--,--,--,--,--,--,--,
"Grant WilliamsDTD
DalPF",412,,--,--,--,--,--,--,--,--,--,--,--,--,--,--,
"Andrew Nembhard
IndPG",413,,--,--,--,--,--,--,--,--,--,--,--,--,--,--,
"Thanasis Antetokounmpo
MilSF",414,,--,--,--,--,--,--,--,--,--,--,--,--,--,--,
"Christian Braun
DenSG",415,,--,--,--,--,--,--,--,--,--,--,--,--,--,--,
"Gary Payton II
GSPG",416,,--,--,--,--,--,--,--,--,--,--,--,--,--,--,
"Sasha Vezenkov
SacPF",417,,--,--,--,--,--,--,--,--,--,--,--,--,--,--,
"Tacko Fall
CleC",418,,--,--,--,--,--,--,--,--,--,--,--,--,--,--,
"AJ Griffin
AtlSF",419,,--,--,--,--,--,--,--,--,--,--,--,--,--,--,
"Paul Reed
PhiPF",420,,--,--,--,--,--,--,--,--,--,--,--,--,--,--,
"Josh Green
DalSG",421,,--,--,--,--,--,--,--,--,--,--,--,--,--,--,
"Blake Griffin
BosPF",422,,--,--,--,--,--,--,--,--,--,--,--,--,--,--,
"Jaden HardyDTD
DalSG",423,,--,--,--,--,--,--,--,--,--,--,--,--,--,--,
"Corey Kispert
WshSF",424,,--,--,--,--,--,--,--,--,--,--,--,--,--,--,
"Jalen Johnson
AtlSF",425,,13.8,0.494,0.625,5.3,0.4,3.7,1.1,0.5,0.4,0.6,2.1,4.3,0.6,1,
"Ochai AgbajiDTD
UtahSF",426,,--,--,--,--,--,--,--,--,--,--,--,--,--,--,
"Yuta Watanabe
PhxSF",427,,--,--,--,--,--,--,--,--,--,--,--,--,--,--,
"Kris Dunn
UtahPG",428,,--,--,--,--,--,--,--,--,--,--,--,--,--,--,
"Jevon Carter
ChiPG",429,,--,--,--,--,--,--,--,--,--,--,--,--,--,--,
"Boban Marjanovic
HouC",430,,--,--,--,--,--,--,--,--,--,--,--,--,--,--,
"Drew Eubanks
PhxPF",431,,--,--,--,--,--,--,--,--,--,--,--,--,--,--,
"Jaylin Williams
OKCC",432,,--,--,--,--,--,--,--,--,--,--,--,--,--,--,
"Nick Richards
ChaC",433,,--,--,--,--,--,--,--,--,--,--,--,--,--,--,
"MarJon Beauchamp
MilSG",434,,--,--,--,--,--,--,--,--,--,--,--,--,--,--,
"Kenneth Lofton Jr.
MemPF",435,,--,--,--,--,--,--,--,--,--,--,--,--,--,--,
"Andre IguodalaDTD
GSSF",436,,--,--,--,--,--,--,--,--,--,--,--,--,--,--,
"Payton Pritchard
BosPG",437,,--,--,--,--,--,--,--,--,--,--,--,--,--,--,
"Ousmane Dieng
OKCSF",438,,--,--,--,--,--,--,--,--,--,--,--,--,--,--,
"Skylar Mays
PorSG",439,,--,--,--,--,--,--,--,--,--,--,--,--,--,--,
"Mac McClung
OrlSG",440,,--,--,--,--,--,--,--,--,--,--,--,--,--,--,
"Peyton Watson
DenSF",441,,--,--,--,--,--,--,--,--,--,--,--,--,--,--,
"Josh Okogie
PhxSG",442,,--,--,--,--,--,--,--,--,--,--,--,--,--,--,
"Jared Butler
WshSG",443,,--,--,--,--,--,--,--,--,--,--,--,--,--,--,
"Paul Zipser
ChiSF",444,,--,--,--,--,--,--,--,--,--,--,--,--,--,--,
"Max ChristieDTD
LALSG",445,,--,--,--,--,--,--,--,--,--,--,--,--,--,--,
"Sam Hauser
BosSF",446,,--,--,--,--,--,--,--,--,--,--,--,--,--,--,
"RaiQuan Gray
BknPF",447,,--,--,--,--,--,--,--,--,--,--,--,--,--,--,
"Julian Champagnie
SASF, SG",448,,--,--,--,--,--,--,--,--,--,--,--,--,--,--,
"Wang Zhelin
MemC",449,,--,--,--,--,--,--,--,--,--,--,--,--,--,--,
"Cody Zeller
NOC",450,,--,--,--,,--,--,--,--,--,--,--,--,--,--,
